run,plane,paddle,type,histogram,hist_path,found,fit_ok,fit_status,entries,peak,peak_uncertainty,sigma,sigma_uncertainty,amplitude,amplitude_uncertainty,chi2,ndf,fit_low,fit_high,message
35566,BHC,00,QDC,qdc_hit_BHC00left,BHC/Paddle00/QDC/qdc_hit_BHC00left,1,1,0,2360,122.65,0.43,11.66,0.51,43.87,1.78,56.80,36,104.39,142.61,ok
35566,BHC,01,QDC,qdc_hit_BHC01left,BHC/Paddle01/QDC/qdc_hit_BHC01left,1,1,0,3369,128.02,0.35,13.76,0.33,53.68,1.69,83.13,64,89.38,155.62,ok
35566,BHC,02,QDC,qdc_hit_BHC02left,BHC/Paddle02/QDC/qdc_hit_BHC02left,1,1,0,4473,132.22,0.31,14.19,0.30,69.38,1.90,73.14,64,99.38,165.62,ok
35566,BHC,03,QDC,qdc_hit_BHC03left,BHC/Paddle03/QDC/qdc_hit_BHC03left,1,1,0,15224,133.97,0.20,18.25,0.20,205.25,2.91,229.38,86,88.91,178.09,ok
35566,BHC,04,QDC,qdc_hit_BHC04left,BHC/Paddle04/QDC/qdc_hit_BHC04left,1,1,0,76883,136.81,0.11,21.42,0.11,764.10,5.20,885.63,112,86.18,200.82,ok
35566,BHC,05,QDC,qdc_hit_BHC05left,BHC/Paddle05/QDC/qdc_hit_BHC05left,1,1,0,108221,135.65,0.11,26.47,0.10,936.41,5.05,807.92,138,67.44,207.56,ok
35566,BHC,06,QDC,qdc_hit_BHC06left,BHC/Paddle06/QDC/qdc_hit_BHC06left,1,1,0,131706,146.43,0.12,30.03,0.11,923.25,4.70,1072.66,160,67.97,231.03,ok
35566,BHC,07,QDC,qdc_hit_BHC07left,BHC/Paddle07/QDC/qdc_hit_BHC07left,1,1,0,189839,143.45,0.08,27.29,0.07,1664.72,6.55,1058.26,144,70.61,218.39,ok
35566,BHC,08,QDC,qdc_hit_BHC08left,BHC/Paddle08/QDC/qdc_hit_BHC08left,1,1,0,174466,120.45,0.09,28.23,0.08,1408.99,6,1478.26,152,46.79,202.21,ok
35566,BHC,09,QDC,qdc_hit_BHC09left,BHC/Paddle09/QDC/qdc_hit_BHC09left,1,1,0,129978,128.06,0.11,27.32,0.10,986.08,5.06,1060.04,144,51.61,199.39,ok
35566,BHC,10,QDC,qdc_hit_BHC10left,BHC/Paddle10/QDC/qdc_hit_BHC10left,1,1,0,98801,132.48,0.12,25.14,0.11,833.04,4.88,653.74,126,64.53,194.47,ok
35566,BHC,11,QDC,qdc_hit_BHC11left,BHC/Paddle11/QDC/qdc_hit_BHC11left,1,1,0,80054,137.93,0.11,22.54,0.11,756.07,4.98,651.35,112,85.18,199.82,ok
35566,BHC,12,QDC,qdc_hit_BHC12left,BHC/Paddle12/QDC/qdc_hit_BHC12left,1,1,0,16734,129.18,0.18,16.76,0.18,234.45,3.27,222.68,78,89.74,171.26,ok
35566,BHC,13,QDC,qdc_hit_BHC13left,BHC/Paddle13/QDC/qdc_hit_BHC13left,1,1,0,5319,136.39,0.27,13.29,0.27,93.08,2.32,83.37,54,109.47,165.53,ok
35566,BHC,14,QDC,qdc_hit_BHC14left,BHC/Paddle14/QDC/qdc_hit_BHC14left,1,1,0,3645,147.60,0.34,13.55,0.33,57.87,1.78,51.03,58,113.93,175.07,ok
35566,BHC,15,QDC,qdc_hit_BHC15left,BHC/Paddle15/QDC/qdc_hit_BHC15left,1,1,0,2730,149.43,0.31,11.82,0.29,58.02,1.91,61.68,54,120.47,176.53,ok
35566,BHC,00,TDC,tdc_coinc_left_BHC00-RF,BHC/Paddle00/TDC/tdc_coinc_left_BHC00-RF,1,1,0,1981,-408.81,0.72,2.79,0.56,19.99,1.87,15.25,10,-413.75,-407.75,ok
35566,BHC,01,TDC,tdc_coinc_left_BHC01-RF,BHC/Paddle01/TDC/tdc_coinc_left_BHC01-RF,1,1,0,2663,-406.06,0.30,4.62,0.41,37.86,1.98,26.07,20,-410.98,-399.52,ok
35566,BHC,02,TDC,tdc_coinc_left_BHC02-RF,BHC/Paddle02/TDC/tdc_coinc_left_BHC02-RF,1,1,0,3662,-406.65,0.12,3.84,0.09,55.98,2.09,39.12,42,-420.63,-393.87,ok
35566,BHC,03,TDC,tdc_coinc_left_BHC03-RF,BHC/Paddle03/TDC/tdc_coinc_left_BHC03-RF,1,1,0,11325,-405.27,0.07,3.87,0.04,179.13,3.63,127.26,52,-419.90,-390.60,ok
35566,BHC,04,TDC,tdc_coinc_left_BHC04-RF,BHC/Paddle04/TDC/tdc_coinc_left_BHC04-RF,1,1,0,70841,-408.64,0.03,3.67,0.01,1200.71,9.36,1153.75,54,-422.76,-394.74,ok
35566,BHC,05,TDC,tdc_coinc_left_BHC05-RF,BHC/Paddle05/TDC/tdc_coinc_left_BHC05-RF,1,1,0,88062,-407.43,0.02,3.67,0.01,1528.36,10.63,1122.52,50,-419.63,-392.87,ok
35566,BHC,06,TDC,tdc_coinc_left_BHC06-RF,BHC/Paddle06/TDC/tdc_coinc_left_BHC06-RF,1,1,0,120004,-406.10,0.02,3.67,0.01,2068.91,12.34,1553.48,54,-418.76,-390.74,ok
35566,BHC,07,TDC,tdc_coinc_left_BHC07-RF,BHC/Paddle07/TDC/tdc_coinc_left_BHC07-RF,1,1,0,150106,-406.10,0.02,3.69,0.01,2606.59,13.83,1456.80,54,-419.76,-391.74,ok
35566,BHC,08,TDC,tdc_coinc_left_BHC08-RF,BHC/Paddle08/TDC/tdc_coinc_left_BHC08-RF,1,1,0,153610,-403.66,0.02,3.68,0.01,2673.99,14.05,1611.84,54,-417.26,-389.24,ok
35566,BHC,09,TDC,tdc_coinc_left_BHC09-RF,BHC/Paddle09/TDC/tdc_coinc_left_BHC09-RF,1,1,0,124040,-404.63,0.02,3.67,0.01,2149.75,12.56,1580.70,56,-417.90,-388.60,ok
35566,BHC,10,TDC,tdc_coinc_left_BHC10-RF,BHC/Paddle10/TDC/tdc_coinc_left_BHC10-RF,1,1,0,91934,-404.27,0.02,3.68,0.01,1585.36,10.80,1140.84,54,-417.26,-389.24,ok
35566,BHC,11,TDC,tdc_coinc_left_BHC11-RF,BHC/Paddle11/TDC/tdc_coinc_left_BHC11-RF,1,1,0,74163,-404.43,0.03,3.79,0.02,1242.72,9.48,898.13,54,-416.76,-388.74,ok
35566,BHC,12,TDC,tdc_coinc_left_BHC12-RF,BHC/Paddle12/TDC/tdc_coinc_left_BHC12-RF,1,1,0,13895,-406.68,0.06,4.01,0.04,216.11,3.94,171.91,54,-420.90,-391.60,ok
35566,BHC,13,TDC,tdc_coinc_left_BHC13-RF,BHC/Paddle13/TDC/tdc_coinc_left_BHC13-RF,1,1,0,4179,-406.57,0.11,3.65,0.08,67.47,2.37,54.58,37,-416.94,-396.56,ok
35566,BHC,14,TDC,tdc_coinc_left_BHC14-RF,BHC/Paddle14/TDC/tdc_coinc_left_BHC14-RF,1,1,0,3053,-408.35,0.14,3.88,0.10,46.10,1.89,58.54,38,-421.13,-394.37,ok
35566,BHC,15,TDC,tdc_coinc_left_BHC15-RF,BHC/Paddle15/TDC/tdc_coinc_left_BHC15-RF,1,1,0,2147,-406.65,0.59,4.86,0.94,18.07,1.48,26.08,18,-412.85,-402.65,ok
35566,BHD,00,QDC,qdc_hit_BHD00down,BHD/Paddle00/QDC/qdc_hit_BHD00down,1,1,0,5454,147.90,0.50,23.65,0.46,46.54,1.18,109.77,102,97.27,201.73,ok
35566,BHD,01,QDC,qdc_hit_BHD01down,BHD/Paddle01/QDC/qdc_hit_BHD01down,1,1,0,8419,143.15,0.51,27.04,0.54,62.42,1.34,90.21,98,93.54,195.46,ok
35566,BHD,02,QDC,qdc_hit_BHD02down,BHD/Paddle02/QDC/qdc_hit_BHD02down,1,1,0,13710,157.77,0.35,25.41,0.34,107.86,1.76,180.43,104,105,212,ok
35566,BHD,03,QDC,qdc_hit_BHD03down,BHD/Paddle03/QDC/qdc_hit_BHD03down,1,1,0,38371,165.89,0.28,35.43,0.28,218.67,2.16,312.33,154,86.52,244.48,ok
35566,BHD,04,QDC,qdc_hit_BHD04down,BHD/Paddle04/QDC/qdc_hit_BHD04down,1,1,0,103430,132.57,0.20,41.59,0.19,483.73,2.93,758.49,198,36.86,238.14,ok
35566,BHD,05,QDC,qdc_hit_BHD05down,BHD/Paddle05/QDC/qdc_hit_BHD05down,1,1,0,188055,-1077,68.39,1490.52,9.62,204.33,8.37,54842.71,519,0,522.28,ok
35566,BHD,06,QDC,qdc_hit_BHD06down,BHD/Paddle06/QDC/qdc_hit_BHD06down,1,1,0,243608,139.15,0.21,63.69,0.23,639.22,2.92,30218,519,0,522.28,ok
35566,BHD,07,QDC,qdc_hit_BHD07down,BHD/Paddle07/QDC/qdc_hit_BHD07down,1,1,0,219045,150.60,0.18,55.63,0.19,688.20,3.20,32095.05,519,0,522.28,ok
35566,BHD,08,QDC,qdc_hit_BHD08down,BHD/Paddle08/QDC/qdc_hit_BHD08down,1,1,0,121143,118.82,0.20,47.19,0.21,500.57,2.95,16318.70,519,0,522.28,ok
35566,BHD,09,QDC,qdc_hit_BHD09down,BHD/Paddle09/QDC/qdc_hit_BHD09down,1,1,0,40969,136.24,0.26,34.96,0.25,237.95,2.25,325.04,162,53.70,219.30,ok
35566,BHD,10,QDC,qdc_hit_BHD10down,BHD/Paddle10/QDC/qdc_hit_BHD10down,1,1,0,13016,132.32,0.39,27.50,0.35,100.91,1.60,110.40,116,64.63,184.37,ok
35566,BHD,11,QDC,qdc_hit_BHD11down,BHD/Paddle11/QDC/qdc_hit_BHD11down,1,1,0,7463,144.82,0.59,22.36,0.84,64.15,1.65,66.52,58,112.93,174.07,ok
35566,BHD,12,QDC,qdc_hit_BHD12down,BHD/Paddle12/QDC/qdc_hit_BHD12down,1,1,0,4933,137.35,0.63,23.33,0.73,41.49,1.20,85.52,74,99.28,175.72,ok
35566,BHD,00,TDC,tdc_coinc_down_BHD00-RF,BHD/Paddle00/TDC/tdc_coinc_down_BHD00-RF,1,1,0,5108,-407.10,0.13,4.60,0.10,69.88,2.19,65.18,40,-416.58,-394.92,ok
35566,BHD,01,TDC,tdc_coinc_down_BHD01-RF,BHD/Paddle01/TDC/tdc_coinc_down_BHD01-RF,1,1,0,8029,-400.89,0.09,4.18,0.06,123.43,3.03,116.12,46,-415.76,-387.74,ok
35566,BHD,02,TDC,tdc_coinc_down_BHD02-RF,BHD/Paddle02/TDC/tdc_coinc_down_BHD02-RF,1,1,0,13316,-402.51,0.06,4,0.05,207.43,3.97,291.12,51,-416.26,-388.24,ok
35566,BHD,03,TDC,tdc_coinc_down_BHD03-RF,BHD/Paddle03/TDC/tdc_coinc_down_BHD03-RF,1,1,0,36542,-402.31,0.03,3.68,0.02,619.01,6.97,868.85,53,-415.76,-387.74,ok
35566,BHD,04,TDC,tdc_coinc_down_BHD04-RF,BHD/Paddle04/TDC/tdc_coinc_down_BHD04-RF,1,1,0,114529,-405.91,0.02,3.40,0.01,2111.71,12.91,2499.25,54,-418.26,-390.24,ok
35566,BHD,05,TDC,tdc_coinc_down_BHD05-RF,BHD/Paddle05/TDC/tdc_coinc_down_BHD05-RF,1,1,0,233289,-405.22,0.01,3.19,0.01,4495.27,19.03,6766.50,54,-417.26,-389.24,ok
35566,BHD,06,TDC,tdc_coinc_down_BHD06-RF,BHD/Paddle06/TDC/tdc_coinc_down_BHD06-RF,1,1,0,341235,-405.31,0.01,3.44,0.01,6061.07,21.47,10122.22,54,-419.26,-391.24,ok
35566,BHD,07,TDC,tdc_coinc_down_BHD07-RF,BHD/Paddle07/TDC/tdc_coinc_down_BHD07-RF,1,1,0,291263,-404.70,0.01,3.21,0.01,5451.26,20.85,9879.40,54,-416.76,-388.74,ok
35566,BHD,08,TDC,tdc_coinc_down_BHD08-RF,BHD/Paddle08/TDC/tdc_coinc_down_BHD08-RF,1,1,0,137189,-403.82,0.02,3.64,0.01,2326.37,13.04,3268.39,52,-417.76,-389.74,ok
35566,BHD,09,TDC,tdc_coinc_down_BHD09-RF,BHD/Paddle09/TDC/tdc_coinc_down_BHD09-RF,1,1,0,41029,-404.54,0.04,3.85,0.02,646.33,6.80,1204.14,53,-417.90,-388.60,ok
35566,BHD,10,TDC,tdc_coinc_down_BHD10-RF,BHD/Paddle10/TDC/tdc_coinc_down_BHD10-RF,1,1,0,12074,-403.74,0.07,4.24,0.05,177.24,3.51,279,51,-417.26,-389.24,ok
35566,BHD,11,TDC,tdc_coinc_down_BHD11-RF,BHD/Paddle11/TDC/tdc_coinc_down_BHD11-RF,1,1,0,7021,-404.61,0.10,4.62,0.07,98.64,2.54,125.06,47,-419.40,-390.10,ok
35566,BHD,12,TDC,tdc_coinc_down_BHD12-RF,BHD/Paddle12/TDC/tdc_coinc_down_BHD12-RF,1,1,0,4696,-405.69,0.12,4.61,0.09,63.60,2.02,94.25,46,-422.90,-393.60,ok
35567,BHC,00,QDC,qdc_hit_BHC00left,BHC/Paddle00/QDC/qdc_hit_BHC00left,1,1,0,2241,122.82,0.40,11.89,0.43,43.33,1.69,46.30,42,100.57,146.43,ok
35567,BHC,01,QDC,qdc_hit_BHC01left,BHC/Paddle01/QDC/qdc_hit_BHC01left,1,1,0,3291,128.10,0.36,13.75,0.36,51.44,1.71,90.29,60,95.65,159.35,ok
35567,BHC,02,QDC,qdc_hit_BHC02left,BHC/Paddle02/QDC/qdc_hit_BHC02left,1,1,0,4605,132.25,0.31,14.59,0.31,69.51,1.91,109.77,70,99.56,173.44,ok
35567,BHC,03,QDC,qdc_hit_BHC03left,BHC/Paddle03/QDC/qdc_hit_BHC03left,1,1,0,15167,133.23,0.20,17.77,0.19,209.14,2.96,194.80,86,88.91,178.09,ok
35567,BHC,04,QDC,qdc_hit_BHC04left,BHC/Paddle04/QDC/qdc_hit_BHC04left,1,1,0,76608,136.27,0.11,21.31,0.10,764.63,5.10,552.31,110,80.45,192.55,ok
35567,BHC,05,QDC,qdc_hit_BHC05left,BHC/Paddle05/QDC/qdc_hit_BHC05left,1,1,0,107783,135.42,0.11,26.10,0.10,947.16,5.10,682.49,134,63.71,201.29,ok
35567,BHC,06,QDC,qdc_hit_BHC06left,BHC/Paddle06/QDC/qdc_hit_BHC06left,1,1,0,131838,146.45,0.12,29.98,0.11,918.73,4.72,945.62,154,71.52,229.48,ok
35567,BHC,07,QDC,qdc_hit_BHC07left,BHC/Paddle07/QDC/qdc_hit_BHC07left,1,1,0,189358,143.32,0.08,27.44,0.07,1650.31,6.48,997.99,148,67.34,217.66,ok
35567,BHC,08,QDC,qdc_hit_BHC08left,BHC/Paddle08/QDC/qdc_hit_BHC08left,1,1,0,174066,120.61,0.09,27.80,0.08,1426.59,6.07,1111.13,142,49.89,195.11,ok
35567,BHC,09,QDC,qdc_hit_BHC09left,BHC/Paddle09/QDC/qdc_hit_BHC09left,1,1,0,129791,128.24,0.11,26.93,0.10,1000.12,5.19,880.21,132,61.98,197.02,ok
35567,BHC,10,QDC,qdc_hit_BHC10left,BHC/Paddle10/QDC/qdc_hit_BHC10left,1,1,0,98825,132.74,0.12,25.23,0.11,836.13,4.89,721.28,126,66.53,196.47,ok
35567,BHC,11,QDC,qdc_hit_BHC11left,BHC/Paddle11/QDC/qdc_hit_BHC11left,1,1,0,80609,138.10,0.11,22.14,0.11,776.14,5.06,437.73,104,86,193,ok
35567,BHC,12,QDC,qdc_hit_BHC12left,BHC/Paddle12/QDC/qdc_hit_BHC12left,1,1,0,16621,129.85,0.19,17.30,0.19,227.32,3.22,285.57,84,91.19,177.81,ok
35567,BHC,13,QDC,qdc_hit_BHC13left,BHC/Paddle13/QDC/qdc_hit_BHC13left,1,1,0,5249,136.62,0.29,14.44,0.29,85.38,2.13,100.13,64,101.38,167.62,ok
35567,BHC,14,QDC,qdc_hit_BHC14left,BHC/Paddle14/QDC/qdc_hit_BHC14left,1,1,0,3551,148.65,0.35,13.16,0.34,57.57,1.78,67.47,50,120.75,174.25,ok
35567,BHC,15,QDC,qdc_hit_BHC15left,BHC/Paddle15/QDC/qdc_hit_BHC15left,1,1,0,2696,149.95,0.33,11.93,0.34,55.21,1.90,56.32,50,120.75,174.25,ok
35567,BHC,00,TDC,tdc_coinc_left_BHC00-RF,BHC/Paddle00/TDC/tdc_coinc_left_BHC00-RF,1,1,0,1867,-414.12,13.30,18.23,10.28,15.82,5.06,23.42,10,-409.25,-403.25,ok
35567,BHC,01,TDC,tdc_coinc_left_BHC01-RF,BHC/Paddle01/TDC/tdc_coinc_left_BHC01-RF,1,1,0,2683,-405.91,0.13,3.66,0.09,43.12,1.84,45.90,41,-417.13,-390.37,ok
35567,BHC,02,TDC,tdc_coinc_left_BHC02-RF,BHC/Paddle02/TDC/tdc_coinc_left_BHC02-RF,1,1,0,3810,-406.71,0.12,3.75,0.08,58.76,2.16,56.50,42,-419.63,-392.87,ok
35567,BHC,03,TDC,tdc_coinc_left_BHC03-RF,BHC/Paddle03/TDC/tdc_coinc_left_BHC03-RF,1,1,0,11410,-405.50,0.07,3.87,0.04,182.92,3.70,104.85,46,-417.63,-390.87,ok
35567,BHC,04,TDC,tdc_coinc_left_BHC04-RF,BHC/Paddle04/TDC/tdc_coinc_left_BHC04-RF,1,1,0,70639,-408.57,0.03,3.71,0.02,1201.36,9.41,982.31,54,-422.76,-394.74,ok
35567,BHC,05,TDC,tdc_coinc_left_BHC05-RF,BHC/Paddle05/TDC/tdc_coinc_left_BHC05-RF,1,1,0,88040,-407.50,0.02,3.65,0.01,1520.88,10.52,1223.47,54,-421.26,-393.24,ok
35567,BHC,06,TDC,tdc_coinc_left_BHC06-RF,BHC/Paddle06/TDC/tdc_coinc_left_BHC06-RF,1,1,0,119727,-406.15,0.02,3.65,0.01,2103.48,12.44,1445.33,54,-419.76,-391.74,ok
35567,BHC,07,TDC,tdc_coinc_left_BHC07-RF,BHC/Paddle07/TDC/tdc_coinc_left_BHC07-RF,1,1,0,150016,-406.10,0.02,3.70,0.01,2581.30,13.74,1664.80,54,-418.26,-390.24,ok
35567,BHC,08,TDC,tdc_coinc_left_BHC08-RF,BHC/Paddle08/TDC/tdc_coinc_left_BHC08-RF,1,1,0,153525,-403.75,0.02,3.64,0.01,2695.78,14.07,1884.89,54,-417.26,-389.24,ok
35567,BHC,09,TDC,tdc_coinc_left_BHC09-RF,BHC/Paddle09/TDC/tdc_coinc_left_BHC09-RF,1,1,0,124015,-404.60,0.02,3.67,0.01,2162.15,12.60,1332.02,50,-417.63,-390.87,ok
35567,BHC,10,TDC,tdc_coinc_left_BHC10-RF,BHC/Paddle10/TDC/tdc_coinc_left_BHC10-RF,1,1,0,92053,-404.31,0.02,3.71,0.01,1576.79,10.77,1123.80,54,-418.26,-390.24,ok
35567,BHC,11,TDC,tdc_coinc_left_BHC11-RF,BHC/Paddle11/TDC/tdc_coinc_left_BHC11-RF,1,1,0,74631,-404.42,0.03,3.80,0.02,1240.01,9.57,861.86,54,-417.26,-389.24,ok
35567,BHC,12,TDC,tdc_coinc_left_BHC12-RF,BHC/Paddle12/TDC/tdc_coinc_left_BHC12-RF,1,1,0,13908,-406.55,0.06,4.01,0.04,217.92,4,131.87,49,-420.26,-392.24,ok
35567,BHC,13,TDC,tdc_coinc_left_BHC13-RF,BHC/Paddle13/TDC/tdc_coinc_left_BHC13-RF,1,1,0,4172,-406.75,0.12,3.84,0.08,64.56,2.23,55.42,39,-418.58,-396.92,ok
35567,BHC,14,TDC,tdc_coinc_left_BHC14-RF,BHC/Paddle14/TDC/tdc_coinc_left_BHC14-RF,1,1,0,3065,-408.64,0.13,3.69,0.09,48.95,2.01,44.13,42,-422.76,-394.74,ok
35567,BHC,15,TDC,tdc_coinc_left_BHC15-RF,BHC/Paddle15/TDC/tdc_coinc_left_BHC15-RF,1,1,0,2143,-406.79,0.21,3.78,0.17,19.59,1.29,45.51,35,-420.21,-397.29,ok
35567,BHD,00,QDC,qdc_hit_BHD00down,BHD/Paddle00/QDC/qdc_hit_BHD00down,1,1,0,5472,147.55,0.64,24.28,0.68,45.69,1.22,88.94,82,97.46,181.54,ok
35567,BHD,01,QDC,qdc_hit_BHD01down,BHD/Paddle01/QDC/qdc_hit_BHD01down,1,1,0,8425,142.19,0.46,26.74,0.44,62.77,1.30,116.70,112,83.18,197.82,ok
35567,BHD,02,QDC,qdc_hit_BHD02down,BHD/Paddle02/QDC/qdc_hit_BHD02down,1,1,0,13837,157.65,0.35,26.20,0.34,105.06,1.72,132.63,110,101.45,213.55,ok
35567,BHD,03,QDC,qdc_hit_BHD03down,BHD/Paddle03/QDC/qdc_hit_BHD03down,1,1,0,37568,164.30,0.24,31.01,0.24,244.84,2.44,336.09,142,92.89,238.11,ok
35567,BHD,04,QDC,qdc_hit_BHD04down,BHD/Paddle04/QDC/qdc_hit_BHD04down,1,1,0,103051,132.68,0.18,36.01,0.17,556.63,3.40,770.51,168,55.15,225.85,ok
35567,BHD,05,QDC,qdc_hit_BHD05down,BHD/Paddle05/QDC/qdc_hit_BHD05down,1,1,0,186711,126.70,0.15,43.08,0.15,798.17,3.69,1257.58,214,18.22,234.78,ok
35567,BHD,06,QDC,qdc_hit_BHD06down,BHD/Paddle06/QDC/qdc_hit_BHD06down,1,1,0,243032,-266.48,51.21,1458.71,18.11,170.56,2.22,61305.69,519,0,522.28,ok
35567,BHD,07,QDC,qdc_hit_BHD07down,BHD/Paddle07/QDC/qdc_hit_BHD07down,1,1,0,218203,152.48,0.16,46.23,0.16,814.96,3.67,2213.93,228,49.58,281.42,ok
35567,BHD,08,QDC,qdc_hit_BHD08down,BHD/Paddle08/QDC/qdc_hit_BHD08down,1,1,0,121516,118.95,0.20,47.17,0.21,501.88,2.96,16133.87,519,0,522.28,ok
35567,BHD,09,QDC,qdc_hit_BHD09down,BHD/Paddle09/QDC/qdc_hit_BHD09down,1,1,0,41151,135.55,0.26,34.63,0.25,239.33,2.27,334.62,158,51.25,211.75,ok
35567,BHD,10,QDC,qdc_hit_BHD10down,BHD/Paddle10/QDC/qdc_hit_BHD10down,1,1,0,12997,132.84,0.35,26.92,0.32,105.19,1.67,164.77,120,72.35,194.65,ok
35567,BHD,11,QDC,qdc_hit_BHD11down,BHD/Paddle11/QDC/qdc_hit_BHD11down,1,1,0,7373,144.92,0.46,24.29,0.45,61.67,1.36,113.71,96,90.82,190.18,ok
35567,BHD,12,QDC,qdc_hit_BHD12down,BHD/Paddle12/QDC/qdc_hit_BHD12down,1,1,0,4919,139.69,1.01,24.27,1.40,40.56,1.29,55.91,56,105.20,163.80,ok
35567,BHD,00,TDC,tdc_coinc_down_BHD00-RF,BHD/Paddle00/TDC/tdc_coinc_down_BHD00-RF,1,1,0,5148,-407.27,0.17,4.88,0.18,68.81,2.38,58.70,30,-414.53,-397.97,ok
35567,BHD,01,TDC,tdc_coinc_down_BHD01-RF,BHD/Paddle01/TDC/tdc_coinc_down_BHD01-RF,1,1,0,8071,-401,0.09,4.13,0.06,125.67,3,168.29,53,-414.26,-386.24,ok
35567,BHD,02,TDC,tdc_coinc_down_BHD02-RF,BHD/Paddle02/TDC/tdc_coinc_down_BHD02-RF,1,1,0,13497,-402.62,0.06,3.93,0.04,219.38,4.03,257.33,54,-415.26,-387.24,ok
35567,BHD,03,TDC,tdc_coinc_down_BHD03-RF,BHD/Paddle03/TDC/tdc_coinc_down_BHD03-RF,1,1,0,36425,-402.34,0.03,3.60,0.02,620.85,6.95,983.65,54,-415.26,-387.24,ok
35567,BHD,04,TDC,tdc_coinc_down_BHD04-RF,BHD/Paddle04/TDC/tdc_coinc_down_BHD04-RF,1,1,0,114102,-405.88,0.02,3.45,0.01,2061.23,12.73,2396.85,54,-417.76,-389.74,ok
35567,BHD,05,TDC,tdc_coinc_down_BHD05-RF,BHD/Paddle05/TDC/tdc_coinc_down_BHD05-RF,1,1,0,231751,-405.12,0.01,3.26,0.01,4394.60,18.75,5776.60,54,-418.26,-390.24,ok
35567,BHD,06,TDC,tdc_coinc_down_BHD06-RF,BHD/Paddle06/TDC/tdc_coinc_down_BHD06-RF,1,1,0,340556,-405.30,0.01,3.44,0.01,6076.58,21.52,10296.58,54,-419.76,-391.74,ok
35567,BHD,07,TDC,tdc_coinc_down_BHD07-RF,BHD/Paddle07/TDC/tdc_coinc_down_BHD07-RF,1,1,0,290144,-404.60,0.01,3.25,0.01,5427.83,20.78,9152.68,53,-417.76,-389.74,ok
35567,BHD,08,TDC,tdc_coinc_down_BHD08-RF,BHD/Paddle08/TDC/tdc_coinc_down_BHD08-RF,1,1,0,138136,-403.86,0.02,3.64,0.01,2354.26,13.16,3237.25,50,-417.26,-389.24,ok
35567,BHD,09,TDC,tdc_coinc_down_BHD09-RF,BHD/Paddle09/TDC/tdc_coinc_down_BHD09-RF,1,1,0,41226,-404.43,0.04,3.89,0.02,654.83,6.87,1039.13,48,-416.13,-389.37,ok
35567,BHD,10,TDC,tdc_coinc_down_BHD10-RF,BHD/Paddle10/TDC/tdc_coinc_down_BHD10-RF,1,1,0,12038,-403.79,0.07,4.14,0.05,177.82,3.63,286.72,52,-416.90,-387.60,ok
35567,BHD,11,TDC,tdc_coinc_down_BHD11-RF,BHD/Paddle11/TDC/tdc_coinc_down_BHD11-RF,1,1,0,6968,-404.57,0.11,4.75,0.08,95.66,2.47,81.05,46,-418.40,-389.10,ok
35567,BHD,12,TDC,tdc_coinc_down_BHD12-RF,BHD/Paddle12/TDC/tdc_coinc_down_BHD12-RF,1,1,0,4688,-405.83,0.12,4.44,0.09,64.62,2.09,87,46,-422.26,-394.24,ok
35568,BHC,00,QDC,qdc_hit_BHC00left,BHC/Paddle00/QDC/qdc_hit_BHC00left,1,1,0,2290,122.64,0.36,12.15,0.33,44.40,1.62,47.79,54,93.47,149.53,ok
35568,BHC,01,QDC,qdc_hit_BHC01left,BHC/Paddle01/QDC/qdc_hit_BHC01left,1,1,0,3205,128.13,0.37,13.82,0.39,51.23,1.70,49.18,56,96.20,154.80,ok
35568,BHC,02,QDC,qdc_hit_BHC02left,BHC/Paddle02/QDC/qdc_hit_BHC02left,1,1,0,4387,132.69,0.30,13.34,0.31,70.46,2.04,95.93,58,105.93,167.07,ok
35568,BHC,03,QDC,qdc_hit_BHC03left,BHC/Paddle03/QDC/qdc_hit_BHC03left,1,1,0,15169,133.39,0.20,18.05,0.19,204.67,2.90,224.53,92,81.37,175.63,ok
35568,BHC,04,QDC,qdc_hit_BHC04left,BHC/Paddle04/QDC/qdc_hit_BHC04left,1,1,0,77062,136.47,0.11,21.39,0.10,764.71,5.12,589.14,110,82.45,194.55,ok
35568,BHC,05,QDC,qdc_hit_BHC05left,BHC/Paddle05/QDC/qdc_hit_BHC05left,1,1,0,107555,135.61,0.11,26.52,0.10,930.05,5.08,996.83,138,71.44,211.56,ok
35568,BHC,06,QDC,qdc_hit_BHC06left,BHC/Paddle06/QDC/qdc_hit_BHC06left,1,1,0,131531,146.17,0.12,29.88,0.11,915.50,4.68,763.78,154,67.52,225.48,ok
35568,BHC,07,QDC,qdc_hit_BHC07left,BHC/Paddle07/QDC/qdc_hit_BHC07left,1,1,0,189767,143.26,0.08,27.35,0.08,1659.74,6.57,1399.24,148,72.34,222.66,ok
35568,BHC,08,QDC,qdc_hit_BHC08left,BHC/Paddle08/QDC/qdc_hit_BHC08left,1,1,0,174128,120.43,0.09,27.82,0.08,1418.76,5.98,917.70,150,40.07,192.93,ok
35568,BHC,09,QDC,qdc_hit_BHC09left,BHC/Paddle09/QDC/qdc_hit_BHC09left,1,1,0,129402,128.12,0.11,26.60,0.10,1003,5.18,871.91,134,58.71,196.29,ok
35568,BHC,10,QDC,qdc_hit_BHC10left,BHC/Paddle10/QDC/qdc_hit_BHC10left,1,1,0,98380,133.26,0.12,25.84,0.11,814.16,4.82,1042.79,138,64.44,204.56,ok
35568,BHC,11,QDC,qdc_hit_BHC11left,BHC/Paddle11/QDC/qdc_hit_BHC11left,1,1,0,79636,137.97,0.11,22.32,0.11,760.27,4.97,553.92,112,80.18,194.82,ok
35568,BHC,12,QDC,qdc_hit_BHC12left,BHC/Paddle12/QDC/qdc_hit_BHC12left,1,1,0,16470,129.46,0.18,16.66,0.17,232.67,3.24,177.37,84,79.19,165.81,ok
35568,BHC,13,QDC,qdc_hit_BHC13left,BHC/Paddle13/QDC/qdc_hit_BHC13left,1,1,0,5205,136.65,0.27,13.60,0.28,86.53,2.25,125.87,60,103.65,167.35,ok
35568,BHC,14,QDC,qdc_hit_BHC14left,BHC/Paddle14/QDC/qdc_hit_BHC14left,1,1,0,3594,148.09,0.35,13.32,0.35,56.92,1.81,61.23,54,116.47,172.53,ok
35568,BHC,15,QDC,qdc_hit_BHC15left,BHC/Paddle15/QDC/qdc_hit_BHC15left,1,1,0,2663,150.63,0.33,11.36,0.33,56.27,1.91,45.70,42,127.57,173.43,ok
35568,BHC,00,TDC,tdc_coinc_left_BHC00-RF,BHC/Paddle00/TDC/tdc_coinc_left_BHC00-RF,1,1,0,1904,-407.93,0.24,3.35,0.24,18.66,1.45,17.58,22,-415.12,-402.38,ok
35568,BHC,01,TDC,tdc_coinc_left_BHC01-RF,BHC/Paddle01/TDC/tdc_coinc_left_BHC01-RF,1,1,0,2575,-405.87,0.14,3.62,0.12,41.62,1.94,36.11,33,-413.94,-393.56,ok
35568,BHC,02,TDC,tdc_coinc_left_BHC02-RF,BHC/Paddle02/TDC/tdc_coinc_left_BHC02-RF,1,1,0,3638,-406.57,0.20,4.35,0.24,54.99,2.33,40.12,22,-413.62,-400.88,ok
35568,BHC,03,TDC,tdc_coinc_left_BHC03-RF,BHC/Paddle03/TDC/tdc_coinc_left_BHC03-RF,1,1,0,11377,-405.59,0.06,3.82,0.04,187.66,3.74,130.81,52,-419.26,-391.24,ok
35568,BHC,04,TDC,tdc_coinc_left_BHC04-RF,BHC/Paddle04/TDC/tdc_coinc_left_BHC04-RF,1,1,0,71071,-408.52,0.03,3.72,0.02,1208.24,9.44,996.80,54,-421.26,-393.24,ok
35568,BHC,05,TDC,tdc_coinc_left_BHC05-RF,BHC/Paddle05/TDC/tdc_coinc_left_BHC05-RF,1,1,0,88006,-407.45,0.02,3.63,0.01,1531.17,10.61,1265.91,56,-420.90,-391.60,ok
35568,BHC,06,TDC,tdc_coinc_left_BHC06-RF,BHC/Paddle06/TDC/tdc_coinc_left_BHC06-RF,1,1,0,119508,-406.20,0.02,3.58,0.01,2122.75,12.51,1738.81,54,-420.76,-392.74,ok
35568,BHC,07,TDC,tdc_coinc_left_BHC07-RF,BHC/Paddle07/TDC/tdc_coinc_left_BHC07-RF,1,1,0,150645,-406.10,0.02,3.71,0.01,2587.60,13.73,1680.36,56,-419.90,-390.60,ok
35568,BHC,08,TDC,tdc_coinc_left_BHC08-RF,BHC/Paddle08/TDC/tdc_coinc_left_BHC08-RF,1,1,0,153974,-403.70,0.02,3.69,0.01,2705.05,14.07,1730.55,54,-416.76,-388.74,ok
35568,BHC,09,TDC,tdc_coinc_left_BHC09-RF,BHC/Paddle09/TDC/tdc_coinc_left_BHC09-RF,1,1,0,123709,-404.62,0.02,3.66,0.01,2160.62,12.63,1450.10,54,-418.26,-390.24,ok
35568,BHC,10,TDC,tdc_coinc_left_BHC10-RF,BHC/Paddle10/TDC/tdc_coinc_left_BHC10-RF,1,1,0,91795,-404.32,0.02,3.68,0.01,1578.97,10.79,1192.52,54,-417.26,-389.24,ok
35568,BHC,11,TDC,tdc_coinc_left_BHC11-RF,BHC/Paddle11/TDC/tdc_coinc_left_BHC11-RF,1,1,0,73794,-404.42,0.03,3.77,0.02,1247.86,9.62,856.88,54,-418.26,-390.24,ok
35568,BHC,12,TDC,tdc_coinc_left_BHC12-RF,BHC/Paddle12/TDC/tdc_coinc_left_BHC12-RF,1,1,0,13750,-406.61,0.06,4.03,0.04,212.78,3.91,150.64,51,-419.90,-390.60,ok
35568,BHC,13,TDC,tdc_coinc_left_BHC13-RF,BHC/Paddle13/TDC/tdc_coinc_left_BHC13-RF,1,1,0,4131,-406.78,0.12,3.81,0.08,64.14,2.25,67.80,37,-418.08,-396.42,ok
35568,BHC,14,TDC,tdc_coinc_left_BHC14-RF,BHC/Paddle14/TDC/tdc_coinc_left_BHC14-RF,1,1,0,3025,-408.43,0.14,3.86,0.10,46.57,1.89,42.31,41,-424.04,-393.46,ok
35568,BHC,15,TDC,tdc_coinc_left_BHC15-RF,BHC/Paddle15/TDC/tdc_coinc_left_BHC15-RF,1,1,0,2095,-393.81,29.34,21.12,20.63,19.48,10.84,17.08,12,-411.07,-403.43,ok
35568,BHD,00,QDC,qdc_hit_BHD00down,BHD/Paddle00/QDC/qdc_hit_BHD00down,1,1,0,5432,146.71,0.88,21.29,1.30,49.74,1.55,58.97,46,118.30,166.70,ok
35568,BHD,01,QDC,qdc_hit_BHD01down,BHD/Paddle01/QDC/qdc_hit_BHD01down,1,1,0,8369,143.39,0.47,27.79,0.41,61.19,1.23,121.12,124,76.81,204.19,ok
35568,BHD,02,QDC,qdc_hit_BHD02down,BHD/Paddle02/QDC/qdc_hit_BHD02down,1,1,0,13865,157.87,0.33,26.39,0.31,106.90,1.71,186.20,132,83.98,219.02,ok
35568,BHD,03,QDC,qdc_hit_BHD03down,BHD/Paddle03/QDC/qdc_hit_BHD03down,1,1,0,39071,167.99,0.32,42.07,0.33,196.92,1.91,412.70,186,83.23,271.77,ok
35568,BHD,04,QDC,qdc_hit_BHD04down,BHD/Paddle04/QDC/qdc_hit_BHD04down,1,1,0,103743,132.65,0.23,50.60,0.24,404.33,2.58,9700.07,519,0,522.28,ok
35568,BHD,05,QDC,qdc_hit_BHD05down,BHD/Paddle05/QDC/qdc_hit_BHD05down,1,1,0,188001,127.03,0.21,57.77,0.23,604.51,3.02,28757.48,519,0,522.28,ok
35568,BHD,06,QDC,qdc_hit_BHD06down,BHD/Paddle06/QDC/qdc_hit_BHD06down,1,1,0,243611,138.32,0.25,71.76,0.28,566.66,2.66,23242.87,519,0,522.28,ok
35568,BHD,07,QDC,qdc_hit_BHD07down,BHD/Paddle07/QDC/qdc_hit_BHD07down,1,1,0,219184,149.38,0.21,62.75,0.22,612.08,2.85,22231.21,519,0,522.28,ok
35568,BHD,08,QDC,qdc_hit_BHD08down,BHD/Paddle08/QDC/qdc_hit_BHD08down,1,1,0,121732,118.77,0.20,47.64,0.21,496.97,2.95,16238.76,519,0,522.28,ok
35568,BHD,09,QDC,qdc_hit_BHD09down,BHD/Paddle09/QDC/qdc_hit_BHD09down,1,1,0,40708,136.26,0.26,34.70,0.25,238.10,2.25,284.62,160,50.97,214.03,ok
35568,BHD,10,QDC,qdc_hit_BHD10down,BHD/Paddle10/QDC/qdc_hit_BHD10down,1,1,0,13022,132.95,0.37,27.76,0.33,100.38,1.59,197.96,126,65.53,195.47,ok
35568,BHD,11,QDC,qdc_hit_BHD11down,BHD/Paddle11/QDC/qdc_hit_BHD11down,1,1,0,7474,144.70,0.48,25.27,0.49,60.96,1.35,83.57,96,95.82,195.18,ok
35568,BHD,12,QDC,qdc_hit_BHD12down,BHD/Paddle12/QDC/qdc_hit_BHD12down,1,1,0,5080,137.62,0.53,22.51,0.54,43.02,1.20,90.06,88,89.64,181.36,ok
35568,BHD,00,TDC,tdc_coinc_down_BHD00-RF,BHD/Paddle00/TDC/tdc_coinc_down_BHD00-RF,1,1,0,5125,-407.21,0.17,5.07,0.20,65.38,2.31,63.84,30,-415.03,-398.47,ok
35568,BHD,01,TDC,tdc_coinc_down_BHD01-RF,BHD/Paddle01/TDC/tdc_coinc_down_BHD01-RF,1,1,0,7957,-401.04,0.08,3.94,0.05,127.16,3.07,170.06,54,-412.76,-384.74,ok
35568,BHD,02,TDC,tdc_coinc_down_BHD02-RF,BHD/Paddle02/TDC/tdc_coinc_down_BHD02-RF,1,1,0,13497,-402.77,0.06,3.85,0.04,216.61,4.02,297.58,52,-416.76,-388.74,ok
35568,BHD,03,TDC,tdc_coinc_down_BHD03-RF,BHD/Paddle03/TDC/tdc_coinc_down_BHD03-RF,1,1,0,36430,-402.43,0.04,3.57,0.02,616.45,6.84,1020.97,54,-414.26,-386.24,ok
35568,BHD,04,TDC,tdc_coinc_down_BHD04-RF,BHD/Paddle04/TDC/tdc_coinc_down_BHD04-RF,1,1,0,114702,-406.01,0.02,3.41,0.01,2107.43,12.94,2552.76,54,-418.76,-390.74,ok
35568,BHD,05,TDC,tdc_coinc_down_BHD05-RF,BHD/Paddle05/TDC/tdc_coinc_down_BHD05-RF,1,1,0,232421,-405.24,0.01,3.23,0.01,4449.44,18.87,5916.88,50,-418.63,-391.87,ok
35568,BHD,06,TDC,tdc_coinc_down_BHD06-RF,BHD/Paddle06/TDC/tdc_coinc_down_BHD06-RF,1,1,0,340716,-405.31,0.01,3.47,0.01,5982.23,21.32,10197.47,54,-418.26,-390.24,ok
35568,BHD,07,TDC,tdc_coinc_down_BHD07-RF,BHD/Paddle07/TDC/tdc_coinc_down_BHD07-RF,1,1,0,291184,-404.77,0.01,3.20,0.01,5492.85,20.95,9880.39,51,-419.26,-391.24,ok
35568,BHD,08,TDC,tdc_coinc_down_BHD08-RF,BHD/Paddle08/TDC/tdc_coinc_down_BHD08-RF,1,1,0,137932,-403.81,0.02,3.64,0.01,2346.92,13.08,3546.48,53,-416.76,-388.74,ok
35568,BHD,09,TDC,tdc_coinc_down_BHD09-RF,BHD/Paddle09/TDC/tdc_coinc_down_BHD09-RF,1,1,0,40731,-404.37,0.04,4.07,0.03,625.21,6.71,925.95,50,-417.26,-389.24,ok
35568,BHD,10,TDC,tdc_coinc_down_BHD10-RF,BHD/Paddle10/TDC/tdc_coinc_down_BHD10-RF,1,1,0,12061,-403.44,0.07,4.28,0.05,173.94,3.50,264.29,47,-416.26,-388.24,ok
35568,BHD,11,TDC,tdc_coinc_down_BHD11-RF,BHD/Paddle11/TDC/tdc_coinc_down_BHD11-RF,1,1,0,6985,-404.53,0.10,4.58,0.07,98.77,2.55,144.65,45,-422.54,-391.96,ok
35568,BHD,12,TDC,tdc_coinc_down_BHD12-RF,BHD/Paddle12/TDC/tdc_coinc_down_BHD12-RF,1,1,0,4869,-405.93,0.12,4.63,0.09,69.21,2.15,95.77,42,-422.76,-394.74,ok
35569,BHC,00,QDC,qdc_hit_BHC00left,BHC/Paddle00/QDC/qdc_hit_BHC00left,1,1,0,2298,122.01,0.38,13.07,0.36,41.18,1.52,49.64,60,90.65,154.35,ok
35569,BHC,01,QDC,qdc_hit_BHC01left,BHC/Paddle01/QDC/qdc_hit_BHC01left,1,1,0,3293,128.37,0.42,11.47,0.53,56.32,2.10,50.19,32,109.67,145.33,ok
35569,BHC,02,QDC,qdc_hit_BHC02left,BHC/Paddle02/QDC/qdc_hit_BHC02left,1,1,0,4415,132.21,0.31,13.91,0.32,69.81,1.98,104.54,60,104.65,168.35,ok
35569,BHC,03,QDC,qdc_hit_BHC03left,BHC/Paddle03/QDC/qdc_hit_BHC03left,1,1,0,15110,133.03,0.20,17.86,0.20,205.92,2.95,205.43,84,84.19,170.81,ok
35569,BHC,04,QDC,qdc_hit_BHC04left,BHC/Paddle04/QDC/qdc_hit_BHC04left,1,1,0,77059,136.23,0.11,20.79,0.10,777.39,5.24,447.37,98,86.54,188.46,ok
35569,BHC,05,QDC,qdc_hit_BHC05left,BHC/Paddle05/QDC/qdc_hit_BHC05left,1,1,0,107956,135.59,0.11,26.07,0.10,947.20,5.11,705.41,130,68.26,200.74,ok
35569,BHC,06,QDC,qdc_hit_BHC06left,BHC/Paddle06/QDC/qdc_hit_BHC06left,1,1,0,132059,145.97,0.12,30.17,0.11,913.46,4.65,819.29,158,65.25,225.75,ok
35569,BHC,07,QDC,qdc_hit_BHC07left,BHC/Paddle07/QDC/qdc_hit_BHC07left,1,1,0,189659,143.26,0.08,27.07,0.07,1670.04,6.58,907.13,140,75.16,217.84,ok
35569,BHC,08,QDC,qdc_hit_BHC08left,BHC/Paddle08/QDC/qdc_hit_BHC08left,1,1,0,173788,120.46,0.09,27.97,0.08,1408.98,6,1187.85,148,46.34,196.66,ok
35569,BHC,09,QDC,qdc_hit_BHC09left,BHC/Paddle09/QDC/qdc_hit_BHC09left,1,1,0,129239,128.32,0.11,27.22,0.10,985.20,5.06,876.05,144,50.61,198.39,ok
35569,BHC,10,QDC,qdc_hit_BHC10left,BHC/Paddle10/QDC/qdc_hit_BHC10left,1,1,0,98254,132.59,0.12,25.61,0.11,814.93,4.82,819.11,134,59.71,197.29,ok
35569,BHC,11,QDC,qdc_hit_BHC11left,BHC/Paddle11/QDC/qdc_hit_BHC11left,1,1,0,79699,137.73,0.11,22.69,0.10,753.82,4.88,583.02,120,76.35,198.65,ok
35569,BHC,12,QDC,qdc_hit_BHC12left,BHC/Paddle12/QDC/qdc_hit_BHC12left,1,1,0,16579,128.99,0.18,17.08,0.18,227.53,3.16,234.52,84,85.19,171.81,ok
35569,BHC,13,QDC,qdc_hit_BHC13left,BHC/Paddle13/QDC/qdc_hit_BHC13left,1,1,0,5242,136.54,0.26,14.07,0.27,86.96,2.22,177.52,74,98.28,174.72,ok
35569,BHC,14,QDC,qdc_hit_BHC14left,BHC/Paddle14/QDC/qdc_hit_BHC14left,1,1,0,3522,147.73,0.34,13.47,0.35,56.02,1.80,98.36,60,110.65,174.35,ok
35569,BHC,15,QDC,qdc_hit_BHC15left,BHC/Paddle15/QDC/qdc_hit_BHC15left,1,1,0,2766,149.10,0.31,12.42,0.32,54.88,1.87,99.28,64,112.38,178.62,ok
35569,BHC,00,TDC,tdc_coinc_left_BHC00-RF,BHC/Paddle00/TDC/tdc_coinc_left_BHC00-RF,1,1,0,1929,-407.38,0.23,3.81,0.20,18.47,1.30,23.66,32,-419.58,-397.92,ok
35569,BHC,01,TDC,tdc_coinc_left_BHC01-RF,BHC/Paddle01/TDC/tdc_coinc_left_BHC01-RF,1,1,0,2641,-406.04,0.14,3.66,0.10,44.17,1.94,24.93,34,-415.71,-392.79,ok
35569,BHC,02,TDC,tdc_coinc_left_BHC02-RF,BHC/Paddle02/TDC/tdc_coinc_left_BHC02-RF,1,1,0,3635,-406.40,0.13,3.90,0.09,51.83,1.99,44.81,44,-418.76,-390.74,ok
35569,BHC,03,TDC,tdc_coinc_left_BHC03-RF,BHC/Paddle03/TDC/tdc_coinc_left_BHC03-RF,1,1,0,11349,-405.43,0.07,3.80,0.04,186.37,3.78,128.17,52,-417.76,-389.74,ok
35569,BHC,04,TDC,tdc_coinc_left_BHC04-RF,BHC/Paddle04/TDC/tdc_coinc_left_BHC04-RF,1,1,0,70973,-408.54,0.03,3.70,0.01,1214.58,9.45,1092.37,54,-421.26,-393.24,ok
35569,BHC,05,TDC,tdc_coinc_left_BHC05-RF,BHC/Paddle05/TDC/tdc_coinc_left_BHC05-RF,1,1,0,88063,-407.41,0.02,3.66,0.01,1526.49,10.66,1116.08,49,-420.63,-393.87,ok
35569,BHC,06,TDC,tdc_coinc_left_BHC06-RF,BHC/Paddle06/TDC/tdc_coinc_left_BHC06-RF,1,1,0,119875,-406.20,0.02,3.55,0.01,2138.52,12.56,1948.90,52,-421.26,-393.24,ok
35569,BHC,07,TDC,tdc_coinc_left_BHC07-RF,BHC/Paddle07/TDC/tdc_coinc_left_BHC07-RF,1,1,0,150807,-406.12,0.02,3.71,0.01,2599.28,13.84,1337.16,54,-420.76,-392.74,ok
35569,BHC,08,TDC,tdc_coinc_left_BHC08-RF,BHC/Paddle08/TDC/tdc_coinc_left_BHC08-RF,1,1,0,153209,-403.70,0.02,3.66,0.01,2689.72,14.03,1871.39,54,-416.26,-388.24,ok
35569,BHC,09,TDC,tdc_coinc_left_BHC09-RF,BHC/Paddle09/TDC/tdc_coinc_left_BHC09-RF,1,1,0,123563,-404.62,0.02,3.65,0.01,2161.90,12.62,1510.81,53,-418.26,-390.24,ok
35569,BHC,10,TDC,tdc_coinc_left_BHC10-RF,BHC/Paddle10/TDC/tdc_coinc_left_BHC10-RF,1,1,0,91525,-404.26,0.02,3.73,0.01,1583.79,10.77,904.83,54,-418.26,-390.24,ok
35569,BHC,11,TDC,tdc_coinc_left_BHC11-RF,BHC/Paddle11/TDC/tdc_coinc_left_BHC11-RF,1,1,0,73880,-404.46,0.03,3.82,0.02,1227.78,9.48,766.33,54,-417.76,-389.74,ok
35569,BHC,12,TDC,tdc_coinc_left_BHC12-RF,BHC/Paddle12/TDC/tdc_coinc_left_BHC12-RF,1,1,0,13889,-406.60,0.06,4,0.05,216.84,4.07,137.75,51,-419.26,-391.24,ok
35569,BHC,13,TDC,tdc_coinc_left_BHC13-RF,BHC/Paddle13/TDC/tdc_coinc_left_BHC13-RF,1,1,0,4203,-406.58,0.11,3.66,0.07,65.53,2.25,70.04,44,-420.76,-392.74,ok
35569,BHC,14,TDC,tdc_coinc_left_BHC14-RF,BHC/Paddle14/TDC/tdc_coinc_left_BHC14-RF,1,1,0,3010,-408.57,0.13,3.63,0.09,47.75,1.96,34.30,38,-418.71,-395.79,ok
35569,BHC,15,TDC,tdc_coinc_left_BHC15-RF,BHC/Paddle15/TDC/tdc_coinc_left_BHC15-RF,1,1,0,2161,-406.96,0.22,4.29,0.19,19.47,1.23,34.58,42,-419.26,-391.24,ok
35569,BHD,00,QDC,qdc_hit_BHD00down,BHD/Paddle00/QDC/qdc_hit_BHD00down,1,1,0,5642,146.94,0.57,21.85,0.69,49.86,1.39,109.59,68,108.83,180.17,ok
35569,BHD,01,QDC,qdc_hit_BHD01down,BHD/Paddle01/QDC/qdc_hit_BHD01down,1,1,0,8363,142.52,0.53,26.64,0.57,63.06,1.37,112.15,94,102.09,198.91,ok
35569,BHD,02,QDC,qdc_hit_BHD02down,BHD/Paddle02/QDC/qdc_hit_BHD02down,1,1,0,13790,157.88,0.35,26.69,0.33,105.76,1.69,129.11,114,97.90,215.10,ok
35569,BHD,03,QDC,qdc_hit_BHD03down,BHD/Paddle03/QDC/qdc_hit_BHD03down,1,1,0,41095,170.56,0.36,47.88,0.37,185.19,1.72,383.86,208,55.77,267.23,ok
35569,BHD,04,QDC,qdc_hit_BHD04down,BHD/Paddle04/QDC/qdc_hit_BHD04down,1,1,0,103936,132.42,0.26,56.12,0.27,368.70,2.33,8370.02,519,0,522.28,ok
35569,BHD,05,QDC,qdc_hit_BHD05down,BHD/Paddle05/QDC/qdc_hit_BHD05down,1,1,0,189375,126.51,0.23,63.99,0.26,546.38,2.68,22628.05,519,0,522.28,ok
35569,BHD,06,QDC,qdc_hit_BHD06down,BHD/Paddle06/QDC/qdc_hit_BHD06down,1,1,0,243749,135.72,0.30,80.24,0.36,507.10,2.47,20126.02,519,0,522.28,ok
35569,BHD,07,QDC,qdc_hit_BHD07down,BHD/Paddle07/QDC/qdc_hit_BHD07down,1,1,0,219323,148.48,0.24,69.50,0.26,553.58,2.62,17854.01,519,0,522.28,ok
35569,BHD,08,QDC,qdc_hit_BHD08down,BHD/Paddle08/QDC/qdc_hit_BHD08down,1,1,0,122058,118.58,0.20,47.02,0.20,506.18,2.96,16484.46,519,0,522.28,ok
35569,BHD,09,QDC,qdc_hit_BHD09down,BHD/Paddle09/QDC/qdc_hit_BHD09down,1,1,0,40787,136.28,0.27,33.33,0.28,243.64,2.36,189.33,132,68.98,204.02,ok
35569,BHD,10,QDC,qdc_hit_BHD10down,BHD/Paddle10/QDC/qdc_hit_BHD10down,1,1,0,13103,133.02,0.38,26.84,0.37,104.66,1.69,130.68,106,71.72,181.28,ok
35569,BHD,11,QDC,qdc_hit_BHD11down,BHD/Paddle11/QDC/qdc_hit_BHD11down,1,1,0,7325,145.15,0.46,25,0.46,60.18,1.34,113.39,102,91.27,195.73,ok
35569,BHD,12,QDC,qdc_hit_BHD12down,BHD/Paddle12/QDC/qdc_hit_BHD12down,1,1,0,4991,138.55,0.61,23.39,0.68,40.82,1.17,105.85,78,98.74,180.26,ok
35569,BHD,00,TDC,tdc_coinc_down_BHD00-RF,BHD/Paddle00/TDC/tdc_coinc_down_BHD00-RF,1,1,0,5300,-407.14,0.12,4.63,0.09,72.14,2.21,60.52,47,-418.99,-393.51,ok
35569,BHD,01,TDC,tdc_coinc_down_BHD01-RF,BHD/Paddle01/TDC/tdc_coinc_down_BHD01-RF,1,1,0,8022,-401.03,0.08,3.98,0.06,123.78,3.04,168.58,46,-415.13,-388.37,ok
35569,BHD,02,TDC,tdc_coinc_down_BHD02-RF,BHD/Paddle02/TDC/tdc_coinc_down_BHD02-RF,1,1,0,13400,-402.55,0.07,4.09,0.05,204.40,3.91,243,50,-415.26,-387.24,ok
35569,BHD,03,TDC,tdc_coinc_down_BHD03-RF,BHD/Paddle03/TDC/tdc_coinc_down_BHD03-RF,1,1,0,37019,-402.39,0.04,3.78,0.02,608.69,6.83,796.62,53,-415.76,-387.74,ok
35569,BHD,04,TDC,tdc_coinc_down_BHD04-RF,BHD/Paddle04/TDC/tdc_coinc_down_BHD04-RF,1,1,0,114816,-406.06,0.02,3.38,0.01,2109.52,12.80,2865.65,54,-417.76,-389.74,ok
35569,BHD,05,TDC,tdc_coinc_down_BHD05-RF,BHD/Paddle05/TDC/tdc_coinc_down_BHD05-RF,1,1,0,233431,-405.22,0.01,3.27,0.01,4485.53,18.90,5613.53,54,-418.76,-390.74,ok
35569,BHD,06,TDC,tdc_coinc_down_BHD06-RF,BHD/Paddle06/TDC/tdc_coinc_down_BHD06-RF,1,1,0,340887,-405.35,0.01,3.51,0.01,5991.93,21.34,9371.29,54,-418.76,-390.74,ok
35569,BHD,07,TDC,tdc_coinc_down_BHD07-RF,BHD/Paddle07/TDC/tdc_coinc_down_BHD07-RF,1,1,0,291396,-404.72,0.01,3.26,0.01,5447.58,20.83,9086.30,54,-416.76,-388.74,ok
35569,BHD,08,TDC,tdc_coinc_down_BHD08-RF,BHD/Paddle08/TDC/tdc_coinc_down_BHD08-RF,1,1,0,138603,-403.84,0.02,3.61,0.01,2375.27,13.15,3377.69,52,-417.26,-389.24,ok
35569,BHD,09,TDC,tdc_coinc_down_BHD09-RF,BHD/Paddle09/TDC/tdc_coinc_down_BHD09-RF,1,1,0,40812,-404.47,0.03,3.85,0.02,654.36,6.95,981.99,52,-417.26,-389.24,ok
35569,BHD,10,TDC,tdc_coinc_down_BHD10-RF,BHD/Paddle10/TDC/tdc_coinc_down_BHD10-RF,1,1,0,12181,-403.63,0.08,4.30,0.05,174.39,3.52,312.25,51,-415.26,-387.24,ok
35569,BHD,11,TDC,tdc_coinc_down_BHD11-RF,BHD/Paddle11/TDC/tdc_coinc_down_BHD11-RF,1,1,0,6903,-404.64,0.10,4.58,0.08,97.39,2.59,82.51,46,-419.76,-391.74,ok
35569,BHD,12,TDC,tdc_coinc_down_BHD12-RF,BHD/Paddle12/TDC/tdc_coinc_down_BHD12-RF,1,1,0,4785,-406.01,0.13,4.70,0.10,64.01,2.05,90.07,43,-421.76,-393.74,ok
35570,BHC,00,QDC,qdc_hit_BHC00left,BHC/Paddle00/QDC/qdc_hit_BHC00left,1,1,0,2290,122.80,0.60,11.98,0.86,41.01,1.84,30.72,28,106.21,136.79,ok
35570,BHC,01,QDC,qdc_hit_BHC01left,BHC/Paddle01/QDC/qdc_hit_BHC01left,1,1,0,3229,128.20,0.34,13.10,0.33,52.64,1.73,60.86,60,95.65,159.35,ok
35570,BHC,02,QDC,qdc_hit_BHC02left,BHC/Paddle02/QDC/qdc_hit_BHC02left,1,1,0,4362,132.14,0.31,13.60,0.29,68.85,1.91,73.02,58,101.93,163.07,ok
35570,BHC,03,QDC,qdc_hit_BHC03left,BHC/Paddle03/QDC/qdc_hit_BHC03left,1,1,0,15019,133.52,0.20,17.77,0.20,203.61,2.95,208.47,84,90.19,176.81,ok
35570,BHC,04,QDC,qdc_hit_BHC04left,BHC/Paddle04/QDC/qdc_hit_BHC04left,1,1,0,76251,135.95,0.10,19.05,0.09,836.18,5.68,603.58,96,88.82,188.18,ok
35570,BHC,05,QDC,qdc_hit_BHC05left,BHC/Paddle05/QDC/qdc_hit_BHC05left,1,1,0,97072,134.32,0.10,21.41,0.09,956.38,5.71,658.38,106,79.72,189.28,ok
35570,BHC,06,QDC,qdc_hit_BHC06left,BHC/Paddle06/QDC/qdc_hit_BHC06left,1,1,0,124727,146.28,0.10,24.88,0.10,1004.70,5.43,974.44,130,82.26,214.74,ok
35570,BHC,07,QDC,qdc_hit_BHC07left,BHC/Paddle07/QDC/qdc_hit_BHC07left,1,1,0,156076,143.01,0.09,23.54,0.08,1407.23,6.54,981.28,120,83.35,205.65,ok
35570,BHC,08,QDC,qdc_hit_BHC08left,BHC/Paddle08/QDC/qdc_hit_BHC08left,1,1,0,152685,119.96,0.09,23.58,0.08,1336.81,6.37,972.83,124,53.81,181.19,ok
35570,BHC,09,QDC,qdc_hit_BHC09left,BHC/Paddle09/QDC/qdc_hit_BHC09left,1,1,0,125176,127.26,0.09,21.92,0.09,1141.69,6.17,1045.49,110,72.45,184.55,ok
35570,BHC,10,QDC,qdc_hit_BHC10left,BHC/Paddle10/QDC/qdc_hit_BHC10left,1,1,0,93289,131.87,0.10,20.18,0.09,946.99,5.82,630.90,102,78.27,182.73,ok
35570,BHC,11,QDC,qdc_hit_BHC11left,BHC/Paddle11/QDC/qdc_hit_BHC11left,1,1,0,77250,137.54,0.10,19.81,0.10,815.97,5.52,625.31,98,91.54,193.46,ok
35570,BHC,12,QDC,qdc_hit_BHC12left,BHC/Paddle12/QDC/qdc_hit_BHC12left,1,1,0,16410,129.42,0.19,17.09,0.19,225.64,3.20,243.86,82,91.46,175.54,ok
35570,BHC,13,QDC,qdc_hit_BHC13left,BHC/Paddle13/QDC/qdc_hit_BHC13left,1,1,0,5345,136.88,0.27,13.81,0.27,89.63,2.24,112.78,64,102.38,168.62,ok
35570,BHC,14,QDC,qdc_hit_BHC14left,BHC/Paddle14/QDC/qdc_hit_BHC14left,1,1,0,3662,148.86,0.35,14.52,0.36,55.88,1.76,101.97,70,117.56,191.44,ok
35570,BHC,15,QDC,qdc_hit_BHC15left,BHC/Paddle15/QDC/qdc_hit_BHC15left,1,1,0,2699,149.30,0.30,10.58,0.29,60.69,2.04,49.75,42,125.57,171.43,ok
35570,BHC,00,TDC,tdc_coinc_left_BHC00-RF,BHC/Paddle00/TDC/tdc_coinc_left_BHC00-RF,1,1,0,1918,-407.21,0.20,3.62,0.17,20.86,1.41,46.89,34,-416.08,-394.42,ok
35570,BHC,01,TDC,tdc_coinc_left_BHC01-RF,BHC/Paddle01/TDC/tdc_coinc_left_BHC01-RF,1,1,0,2585,-406.18,0.14,3.80,0.10,42.03,1.80,35.24,39,-417.35,-393.15,ok
35570,BHC,02,TDC,tdc_coinc_left_BHC02-RF,BHC/Paddle02/TDC/tdc_coinc_left_BHC02-RF,1,1,0,3652,-406.93,0.12,3.76,0.08,60.32,2.18,52.44,40,-419.49,-394.01,ok
35570,BHC,03,TDC,tdc_coinc_left_BHC03-RF,BHC/Paddle03/TDC/tdc_coinc_left_BHC03-RF,1,1,0,11395,-405.62,0.07,3.93,0.04,179.24,3.62,123.98,47,-417.63,-390.87,ok
35570,BHC,04,TDC,tdc_coinc_left_BHC04-RF,BHC/Paddle04/TDC/tdc_coinc_left_BHC04-RF,1,1,0,71313,-408.53,0.03,3.72,0.02,1210.61,9.44,1093.87,50,-421.63,-394.87,ok
35570,BHC,05,TDC,tdc_coinc_left_BHC05-RF,BHC/Paddle05/TDC/tdc_coinc_left_BHC05-RF,1,1,0,85104,-407.43,0.02,3.67,0.01,1490.16,10.49,1116.58,54,-420.76,-392.74,ok
35570,BHC,06,TDC,tdc_coinc_left_BHC06-RF,BHC/Paddle06/TDC/tdc_coinc_left_BHC06-RF,1,1,0,117947,-406.09,0.02,3.65,0.01,2058.57,12.32,1447.47,54,-419.76,-391.74,ok
35570,BHC,07,TDC,tdc_coinc_left_BHC07-RF,BHC/Paddle07/TDC/tdc_coinc_left_BHC07-RF,1,1,0,141176,-406.11,0.02,3.68,0.01,2466.28,13.49,1506.98,54,-419.76,-391.74,ok
35570,BHC,08,TDC,tdc_coinc_left_BHC08-RF,BHC/Paddle08/TDC/tdc_coinc_left_BHC08-RF,1,1,0,146373,-403.71,0.02,3.65,0.01,2591.40,13.81,1782.74,54,-416.76,-388.74,ok
35570,BHC,09,TDC,tdc_coinc_left_BHC09-RF,BHC/Paddle09/TDC/tdc_coinc_left_BHC09-RF,1,1,0,122619,-404.62,0.02,3.63,0.01,2164.33,12.65,1655.43,54,-418.26,-390.24,ok
35570,BHC,10,TDC,tdc_coinc_left_BHC10-RF,BHC/Paddle10/TDC/tdc_coinc_left_BHC10-RF,1,1,0,89830,-404.25,0.02,3.75,0.01,1542.92,10.62,973.25,52,-417.26,-389.24,ok
35570,BHC,11,TDC,tdc_coinc_left_BHC11-RF,BHC/Paddle11/TDC/tdc_coinc_left_BHC11-RF,1,1,0,72957,-404.44,0.03,3.83,0.02,1217.46,9.40,794.93,53,-418.76,-390.74,ok
35570,BHC,12,TDC,tdc_coinc_left_BHC12-RF,BHC/Paddle12/TDC/tdc_coinc_left_BHC12-RF,1,1,0,13898,-406.68,0.06,3.96,0.04,216.52,4,191.40,55,-418.90,-389.60,ok
35570,BHC,13,TDC,tdc_coinc_left_BHC13-RF,BHC/Paddle13/TDC/tdc_coinc_left_BHC13-RF,1,1,0,4298,-406.86,0.11,3.72,0.08,68.96,2.36,35.96,42,-421.63,-394.87,ok
35570,BHC,14,TDC,tdc_coinc_left_BHC14-RF,BHC/Paddle14/TDC/tdc_coinc_left_BHC14-RF,1,1,0,3084,-408.56,0.13,3.79,0.10,48.81,1.98,43.61,40,-421.26,-393.24,ok
35570,BHC,15,TDC,tdc_coinc_left_BHC15-RF,BHC/Paddle15/TDC/tdc_coinc_left_BHC15-RF,1,1,0,2125,-407.08,0.50,4.40,0.66,20.58,1.54,18.01,18,-410.85,-400.65,ok
35570,BHD,00,QDC,qdc_hit_BHD00down,BHD/Paddle00/QDC/qdc_hit_BHD00down,1,1,0,5439,147.44,0.54,22.27,0.59,47.05,1.29,90.68,78,107.74,189.26,ok
35570,BHD,01,QDC,qdc_hit_BHD01down,BHD/Paddle01/QDC/qdc_hit_BHD01down,1,1,0,8433,142.31,0.58,26.83,0.54,63.13,1.31,95.42,96,81.82,181.18,ok
35570,BHD,02,QDC,qdc_hit_BHD02down,BHD/Paddle02/QDC/qdc_hit_BHD02down,1,1,0,13620,158.23,0.34,26.80,0.33,104.03,1.69,166.97,126,95.53,225.47,ok
35570,BHD,03,QDC,qdc_hit_BHD03down,BHD/Paddle03/QDC/qdc_hit_BHD03down,1,1,0,38228,165.76,0.28,35.68,0.28,217.33,2.15,320.33,158,89.25,249.75,ok
35570,BHD,04,QDC,qdc_hit_BHD04down,BHD/Paddle04/QDC/qdc_hit_BHD04down,1,1,0,103017,132.31,0.20,41.48,0.19,485.77,2.95,886.43,200,32.59,236.41,ok
35570,BHD,05,QDC,qdc_hit_BHD05down,BHD/Paddle05/QDC/qdc_hit_BHD05down,1,1,0,187324,-1148.96,69.21,1489.54,9.86,212.46,9.29,54533.17,519,0,522.28,ok
35570,BHD,06,QDC,qdc_hit_BHD06down,BHD/Paddle06/QDC/qdc_hit_BHD06down,1,1,0,242786,139.54,0.21,64.10,0.24,630.49,2.94,30132.17,519,0,522.28,ok
35570,BHD,07,QDC,qdc_hit_BHD07down,BHD/Paddle07/QDC/qdc_hit_BHD07down,1,1,0,217844,151.08,0.18,55.85,0.19,681.28,3.18,31605.03,519,0,522.28,ok
35570,BHD,08,QDC,qdc_hit_BHD08down,BHD/Paddle08/QDC/qdc_hit_BHD08down,1,1,0,121414,119.50,0.20,47.50,0.21,498.43,2.94,16259.47,519,0,522.28,ok
35570,BHD,09,QDC,qdc_hit_BHD09down,BHD/Paddle09/QDC/qdc_hit_BHD09down,1,1,0,40771,135.90,0.26,33.54,0.26,242.50,2.32,248.04,142,63.89,209.11,ok
35570,BHD,10,QDC,qdc_hit_BHD10down,BHD/Paddle10/QDC/qdc_hit_BHD10down,1,1,0,12994,133.99,0.36,27.58,0.30,100.33,1.57,167.13,149,39.79,195.21,ok
35570,BHD,11,QDC,qdc_hit_BHD11down,BHD/Paddle11/QDC/qdc_hit_BHD11down,1,1,0,7366,145,0.48,24.75,0.51,61.49,1.38,89.99,92,100.37,194.63,ok
35570,BHD,12,QDC,qdc_hit_BHD12down,BHD/Paddle12/QDC/qdc_hit_BHD12down,1,1,0,5052,137.72,0.76,24.95,0.98,39.38,1.19,74.05,70,104.56,178.44,ok
35570,BHD,00,TDC,tdc_coinc_down_BHD00-RF,BHD/Paddle00/TDC/tdc_coinc_down_BHD00-RF,1,1,0,5123,-407.37,0.12,4.75,0.09,70.48,2.14,79.66,51,-422.40,-393.10,ok
35570,BHD,01,TDC,tdc_coinc_down_BHD01-RF,BHD/Paddle01/TDC/tdc_coinc_down_BHD01-RF,1,1,0,8062,-400.95,0.09,3.98,0.06,123.12,3,192.54,51,-411.76,-383.74,ok
35570,BHD,02,TDC,tdc_coinc_down_BHD02-RF,BHD/Paddle02/TDC/tdc_coinc_down_BHD02-RF,1,1,0,13242,-402.75,0.06,3.88,0.04,209.33,3.94,343.19,54,-413.26,-385.24,ok
35570,BHD,03,TDC,tdc_coinc_down_BHD03-RF,BHD/Paddle03/TDC/tdc_coinc_down_BHD03-RF,1,1,0,36411,-402.44,0.03,3.59,0.02,625.23,6.99,940.25,51,-417.26,-389.24,ok
35570,BHD,04,TDC,tdc_coinc_down_BHD04-RF,BHD/Paddle04/TDC/tdc_coinc_down_BHD04-RF,1,1,0,114054,-405.96,0.02,3.43,0.01,2080.65,12.79,2417.25,54,-417.26,-389.24,ok
35570,BHD,05,TDC,tdc_coinc_down_BHD05-RF,BHD/Paddle05/TDC/tdc_coinc_down_BHD05-RF,1,1,0,231718,-405.13,0.01,3.27,0.01,4424.60,18.74,5795.45,54,-418.26,-390.24,ok
35570,BHD,06,TDC,tdc_coinc_down_BHD06-RF,BHD/Paddle06/TDC/tdc_coinc_down_BHD06-RF,1,1,0,339955,-405.34,0.01,3.45,0.01,6045.99,21.44,10088.26,54,-419.26,-391.24,ok
35570,BHD,07,TDC,tdc_coinc_down_BHD07-RF,BHD/Paddle07/TDC/tdc_coinc_down_BHD07-RF,1,1,0,289620,-404.71,0.01,3.24,0.01,5433.26,20.77,9455.02,50,-419.76,-391.74,ok
35570,BHD,08,TDC,tdc_coinc_down_BHD08-RF,BHD/Paddle08/TDC/tdc_coinc_down_BHD08-RF,1,1,0,137622,-403.83,0.02,3.63,0.01,2353.04,13.13,3254.55,53,-416.76,-388.74,ok
35570,BHD,09,TDC,tdc_coinc_down_BHD09-RF,BHD/Paddle09/TDC/tdc_coinc_down_BHD09-RF,1,1,0,40846,-404.52,0.04,3.89,0.02,644.31,6.76,1085.15,56,-417.90,-388.60,ok
35570,BHD,10,TDC,tdc_coinc_down_BHD10-RF,BHD/Paddle10/TDC/tdc_coinc_down_BHD10-RF,1,1,0,12032,-403.71,0.07,4.30,0.05,176.43,3.48,279.48,49,-418.40,-389.10,ok
35570,BHD,11,TDC,tdc_coinc_down_BHD11-RF,BHD/Paddle11/TDC/tdc_coinc_down_BHD11-RF,1,1,0,6923,-404.40,0.10,4.56,0.08,96.31,2.56,113.48,49,-417.76,-389.74,ok
35570,BHD,12,TDC,tdc_coinc_down_BHD12-RF,BHD/Paddle12/TDC/tdc_coinc_down_BHD12-RF,1,1,0,4810,-405.97,0.13,4.77,0.09,67.05,2.05,84.24,50,-420.04,-389.46,ok
35571,BHC,00,QDC,qdc_hit_BHC00left,BHC/Paddle00/QDC/qdc_hit_BHC00left,1,1,0,2287,122.33,0.48,12.10,0.51,41.22,1.65,51.72,40,104.84,148.16,ok
35571,BHC,01,QDC,qdc_hit_BHC01left,BHC/Paddle01/QDC/qdc_hit_BHC01left,1,1,0,3341,128.37,0.36,13.67,0.39,53.40,1.76,62.21,54,101.47,157.53,ok
35571,BHC,02,QDC,qdc_hit_BHC02left,BHC/Paddle02/QDC/qdc_hit_BHC02left,1,1,0,4425,132.77,0.33,14.59,0.33,66.67,1.88,74.12,64,104.38,170.62,ok
35571,BHC,03,QDC,qdc_hit_BHC03left,BHC/Paddle03/QDC/qdc_hit_BHC03left,1,1,0,15579,133.77,0.20,18.63,0.20,205.59,2.89,224.57,88,90.64,182.36,ok
35571,BHC,04,QDC,qdc_hit_BHC04left,BHC/Paddle04/QDC/qdc_hit_BHC04left,1,1,0,79458,136.67,0.12,23.27,0.11,731.85,4.80,525.85,112,80.18,194.82,ok
35571,BHC,05,QDC,qdc_hit_BHC05left,BHC/Paddle05/QDC/qdc_hit_BHC05left,1,1,0,126689,136.84,0.11,29.98,0.10,1065.47,5.03,817.03,152,60.79,216.21,ok
35571,BHC,06,QDC,qdc_hit_BHC06left,BHC/Paddle06/QDC/qdc_hit_BHC06left,1,1,0,143053,146.61,0.12,33.74,0.11,948.34,4.46,826.29,172,59.60,235.40,ok
35571,BHC,07,QDC,qdc_hit_BHC07left,BHC/Paddle07/QDC/qdc_hit_BHC07left,1,1,0,255016,143.25,0.07,30.30,0.07,2297.43,7.27,1722.38,168,65.15,235.85,ok
35571,BHC,08,QDC,qdc_hit_BHC08left,BHC/Paddle08/QDC/qdc_hit_BHC08left,1,1,0,214011,120.76,0.09,31,0.07,1770.59,6.29,1192.13,170,31.88,205.12,ok
35571,BHC,09,QDC,qdc_hit_BHC09left,BHC/Paddle09/QDC/qdc_hit_BHC09left,1,1,0,135675,129.50,0.13,31.88,0.11,916.97,4.52,874.43,160,45.97,209.03,ok
35571,BHC,10,QDC,qdc_hit_BHC10left,BHC/Paddle10/QDC/qdc_hit_BHC10left,1,1,0,104346,134.19,0.13,29.69,0.12,781.79,4.31,574.26,154,49.52,207.48,ok
35571,BHC,11,QDC,qdc_hit_BHC11left,BHC/Paddle11/QDC/qdc_hit_BHC11left,1,1,0,83514,138.68,0.12,25.05,0.11,725.25,4.58,519.76,124,76.81,204.19,ok
35571,BHC,12,QDC,qdc_hit_BHC12left,BHC/Paddle12/QDC/qdc_hit_BHC12left,1,1,0,16744,129.53,0.18,17.03,0.17,232.71,3.17,144.65,82,84.46,168.54,ok
35571,BHC,13,QDC,qdc_hit_BHC13left,BHC/Paddle13/QDC/qdc_hit_BHC13left,1,1,0,5270,136.82,0.27,13.61,0.26,89.45,2.22,93.67,64,99.38,165.62,ok
35571,BHC,14,QDC,qdc_hit_BHC14left,BHC/Paddle14/QDC/qdc_hit_BHC14left,1,1,0,3533,148.19,0.34,13.45,0.33,56.88,1.78,81.31,58,115.93,177.07,ok
35571,BHC,15,QDC,qdc_hit_BHC15left,BHC/Paddle15/QDC/qdc_hit_BHC15left,1,1,0,2670,149.32,0.31,11.90,0.32,55.15,1.91,91.20,56,121.20,179.80,ok
35571,BHC,00,TDC,tdc_coinc_left_BHC00-RF,BHC/Paddle00/TDC/tdc_coinc_left_BHC00-RF,1,1,0,1931,-406.62,0.38,4.52,0.53,19.28,1.42,21.70,20,-412.98,-401.52,ok
35571,BHC,01,TDC,tdc_coinc_left_BHC01-RF,BHC/Paddle01/TDC/tdc_coinc_left_BHC01-RF,1,1,0,2664,-405.94,0.13,3.55,0.11,44.55,2.03,42.96,32,-414.67,-396.83,ok
35571,BHC,02,TDC,tdc_coinc_left_BHC02-RF,BHC/Paddle02/TDC/tdc_coinc_left_BHC02-RF,1,1,0,3644,-406.76,0.11,3.53,0.08,61.15,2.24,56.97,40,-419.13,-392.37,ok
35571,BHC,03,TDC,tdc_coinc_left_BHC03-RF,BHC/Paddle03/TDC/tdc_coinc_left_BHC03-RF,1,1,0,11728,-405.42,0.06,3.76,0.04,196.35,3.88,116.51,48,-417.99,-392.51,ok
35571,BHC,04,TDC,tdc_coinc_left_BHC04-RF,BHC/Paddle04/TDC/tdc_coinc_left_BHC04-RF,1,1,0,71788,-408.59,0.03,3.67,0.01,1228.75,9.51,1119.86,54,-423.90,-394.60,ok
35571,BHC,05,TDC,tdc_coinc_left_BHC05-RF,BHC/Paddle05/TDC/tdc_coinc_left_BHC05-RF,1,1,0,93363,-407.44,0.02,3.66,0.01,1616.34,10.86,1121.55,54,-420.26,-392.24,ok
35571,BHC,06,TDC,tdc_coinc_left_BHC06-RF,BHC/Paddle06/TDC/tdc_coinc_left_BHC06-RF,1,1,0,121243,-406.17,0.02,3.66,0.01,2103.93,12.42,1529.32,54,-418.76,-390.74,ok
35571,BHC,07,TDC,tdc_coinc_left_BHC07-RF,BHC/Paddle07/TDC/tdc_coinc_left_BHC07-RF,1,1,0,162511,-406.07,0.02,3.78,0.01,2684.60,14.08,1295.50,54,-419.26,-391.24,ok
35571,BHC,08,TDC,tdc_coinc_left_BHC08-RF,BHC/Paddle08/TDC/tdc_coinc_left_BHC08-RF,1,1,0,162496,-403.67,0.02,3.73,0.01,2776.56,14.27,1521.31,54,-416.76,-388.74,ok
35571,BHC,09,TDC,tdc_coinc_left_BHC09-RF,BHC/Paddle09/TDC/tdc_coinc_left_BHC09-RF,1,1,0,125241,-404.61,0.02,3.67,0.01,2195.58,12.64,1533.69,54,-417.76,-389.74,ok
35571,BHC,10,TDC,tdc_coinc_left_BHC10-RF,BHC/Paddle10/TDC/tdc_coinc_left_BHC10-RF,1,1,0,92901,-404.33,0.02,3.70,0.01,1601.62,10.81,1211.25,53,-416.26,-388.24,ok
35571,BHC,11,TDC,tdc_coinc_left_BHC11-RF,BHC/Paddle11/TDC/tdc_coinc_left_BHC11-RF,1,1,0,75399,-404.34,0.02,3.78,0.02,1287.40,9.76,704.85,50,-417.13,-390.37,ok
35571,BHC,12,TDC,tdc_coinc_left_BHC12-RF,BHC/Paddle12/TDC/tdc_coinc_left_BHC12-RF,1,1,0,14059,-406.55,0.06,3.89,0.04,223.78,4.08,161.97,51,-420.26,-392.24,ok
35571,BHC,13,TDC,tdc_coinc_left_BHC13-RF,BHC/Paddle13/TDC/tdc_coinc_left_BHC13-RF,1,1,0,4155,-406.93,0.11,3.73,0.07,64.66,2.25,73.36,44,-422.90,-393.60,ok
35571,BHC,14,TDC,tdc_coinc_left_BHC14-RF,BHC/Paddle14/TDC/tdc_coinc_left_BHC14-RF,1,1,0,3011,-408.41,0.13,3.70,0.08,46.13,1.87,69.69,45,-421.26,-393.24,ok
35571,BHC,15,TDC,tdc_coinc_left_BHC15-RF,BHC/Paddle15/TDC/tdc_coinc_left_BHC15-RF,1,1,0,2108,-406.89,0.23,4.09,0.19,19.83,1.25,31.34,32,-416.80,-397.70,ok
35571,BHD,00,QDC,qdc_hit_BHD00down,BHD/Paddle00/QDC/qdc_hit_BHD00down,1,1,0,5367,147.75,0.48,23.32,0.44,46.43,1.20,129.65,114,96.90,214.10,ok
35571,BHD,01,QDC,qdc_hit_BHD01down,BHD/Paddle01/QDC/qdc_hit_BHD01down,1,1,0,8379,142.59,0.49,27.91,0.49,59.91,1.26,135.73,114,86.90,204.10,ok
35571,BHD,02,QDC,qdc_hit_BHD02down,BHD/Paddle02/QDC/qdc_hit_BHD02down,1,1,0,13857,158.27,0.34,26.40,0.33,105.81,1.71,186.63,120,92.35,214.65,ok
35571,BHD,03,QDC,qdc_hit_BHD03down,BHD/Paddle03/QDC/qdc_hit_BHD03down,1,1,0,38122,165.92,0.28,35.08,0.28,220.89,2.19,295.47,152,89.79,245.21,ok
35571,BHD,04,QDC,qdc_hit_BHD04down,BHD/Paddle04/QDC/qdc_hit_BHD04down,1,1,0,102753,133.07,0.20,40.82,0.19,487.37,2.99,768.10,188,44.96,236.04,ok
35571,BHD,05,QDC,qdc_hit_BHD05down,BHD/Paddle05/QDC/qdc_hit_BHD05down,1,1,0,186854,-1082.52,68.30,1491.74,9.72,205.29,8.42,54328.51,519,0,522.28,ok
35571,BHD,06,QDC,qdc_hit_BHD06down,BHD/Paddle06/QDC/qdc_hit_BHD06down,1,1,0,243138,139.43,0.21,63.73,0.23,633.41,2.94,30563.58,519,0,522.28,ok
35571,BHD,07,QDC,qdc_hit_BHD07down,BHD/Paddle07/QDC/qdc_hit_BHD07down,1,1,0,218367,150.65,0.18,55.57,0.19,686.23,3.18,31776.89,519,0,522.28,ok
35571,BHD,08,QDC,qdc_hit_BHD08down,BHD/Paddle08/QDC/qdc_hit_BHD08down,1,1,0,121601,119.25,0.20,47.35,0.21,499.05,2.95,16234.22,519,0,522.28,ok
35571,BHD,09,QDC,qdc_hit_BHD09down,BHD/Paddle09/QDC/qdc_hit_BHD09down,1,1,0,40951,136.49,0.26,35.73,0.25,233.87,2.20,370.07,172,54.60,230.40,ok
35571,BHD,10,QDC,qdc_hit_BHD10down,BHD/Paddle10/QDC/qdc_hit_BHD10down,1,1,0,12951,132.89,0.36,26.74,0.32,103.63,1.63,140.68,116,66.63,186.37,ok
35571,BHD,11,QDC,qdc_hit_BHD11down,BHD/Paddle11/QDC/qdc_hit_BHD11down,1,1,0,7287,144.93,0.49,25.12,0.50,58.52,1.32,114.89,96,95.82,195.18,ok
35571,BHD,12,QDC,qdc_hit_BHD12down,BHD/Paddle12/QDC/qdc_hit_BHD12down,1,1,0,4951,137.28,0.99,20.10,1.66,42.89,1.56,56.38,40,118.84,162.16,ok
35571,BHD,00,TDC,tdc_coinc_down_BHD00-RF,BHD/Paddle00/TDC/tdc_coinc_down_BHD00-RF,1,1,0,5085,-407.12,0.12,4.60,0.09,71.37,2.18,92.82,54,-422.17,-390.33,ok
35571,BHD,01,TDC,tdc_coinc_down_BHD01-RF,BHD/Paddle01/TDC/tdc_coinc_down_BHD01-RF,1,1,0,7973,-401.16,0.09,4.04,0.06,124.65,3,183.23,47,-415.13,-388.37,ok
35571,BHD,02,TDC,tdc_coinc_down_BHD02-RF,BHD/Paddle02/TDC/tdc_coinc_down_BHD02-RF,1,1,0,13401,-402.56,0.06,3.94,0.04,215.83,4.05,240.03,49,-415.63,-388.87,ok
35571,BHD,03,TDC,tdc_coinc_down_BHD03-RF,BHD/Paddle03/TDC/tdc_coinc_down_BHD03-RF,1,1,0,36365,-402.26,0.03,3.67,0.02,608.53,6.89,881.73,54,-414.26,-386.24,ok
35571,BHD,04,TDC,tdc_coinc_down_BHD04-RF,BHD/Paddle04/TDC/tdc_coinc_down_BHD04-RF,1,1,0,113636,-406.03,0.02,3.39,0.01,2108.19,12.80,2471.06,55,-419.40,-390.10,ok
35571,BHD,05,TDC,tdc_coinc_down_BHD05-RF,BHD/Paddle05/TDC/tdc_coinc_down_BHD05-RF,1,1,0,231239,-405.19,0.01,3.21,0.01,4433.30,18.84,6298.62,53,-418.76,-390.74,ok
35571,BHD,06,TDC,tdc_coinc_down_BHD06-RF,BHD/Paddle06/TDC/tdc_coinc_down_BHD06-RF,1,1,0,340318,-405.33,0.01,3.43,0.01,6077.50,21.43,10561.19,54,-417.76,-389.74,ok
35571,BHD,07,TDC,tdc_coinc_down_BHD07-RF,BHD/Paddle07/TDC/tdc_coinc_down_BHD07-RF,1,1,0,290034,-404.73,0.01,3.22,0.01,5467.76,21.04,9815.80,54,-416.76,-388.74,ok
35571,BHD,08,TDC,tdc_coinc_down_BHD08-RF,BHD/Paddle08/TDC/tdc_coinc_down_BHD08-RF,1,1,0,138003,-403.88,0.02,3.59,0.01,2378.95,13.20,3537.88,54,-415.26,-387.24,ok
35571,BHD,09,TDC,tdc_coinc_down_BHD09-RF,BHD/Paddle09/TDC/tdc_coinc_down_BHD09-RF,1,1,0,40922,-404.41,0.04,3.93,0.02,645.98,6.81,1032.99,54,-418.40,-389.10,ok
35571,BHD,10,TDC,tdc_coinc_down_BHD10-RF,BHD/Paddle10/TDC/tdc_coinc_down_BHD10-RF,1,1,0,11977,-403.49,0.07,4.35,0.05,174.71,3.48,205.18,52,-416.26,-388.24,ok
35571,BHD,11,TDC,tdc_coinc_down_BHD11-RF,BHD/Paddle11/TDC/tdc_coinc_down_BHD11-RF,1,1,0,6838,-404.52,0.10,4.53,0.07,99.32,2.57,78.43,48,-416.76,-388.74,ok
35571,BHD,12,TDC,tdc_coinc_down_BHD12-RF,BHD/Paddle12/TDC/tdc_coinc_down_BHD12-RF,1,1,0,4713,-405.91,0.12,4.42,0.08,68.65,2.14,79.19,46,-421.26,-393.24,ok
35572,BHC,00,QDC,qdc_hit_BHC00left,BHC/Paddle00/QDC/qdc_hit_BHC00left,1,1,0,2378,121.89,0.39,12.38,0.39,42.49,1.59,64.24,48,98.02,148.98,ok
35572,BHC,01,QDC,qdc_hit_BHC01left,BHC/Paddle01/QDC/qdc_hit_BHC01left,1,1,0,3371,128.32,0.35,13.75,0.31,52.60,1.64,91.61,66,97.11,165.89,ok
35572,BHC,02,QDC,qdc_hit_BHC02left,BHC/Paddle02/QDC/qdc_hit_BHC02left,1,1,0,4422,132.64,0.30,13.25,0.28,72.60,2,71.53,56,105.20,163.80,ok
35572,BHC,03,QDC,qdc_hit_BHC03left,BHC/Paddle03/QDC/qdc_hit_BHC03left,1,1,0,15853,133.48,0.20,17.61,0.20,224.02,3.10,157.97,76,90.01,168.99,ok
35572,BHC,04,QDC,qdc_hit_BHC04left,BHC/Paddle04/QDC/qdc_hit_BHC04left,1,1,0,82195,137.47,0.13,25.96,0.12,700.25,4.43,577.55,130,70.26,202.74,ok
35572,BHC,05,QDC,qdc_hit_BHC05left,BHC/Paddle05/QDC/qdc_hit_BHC05left,1,1,0,163524,137.14,0.10,32.86,0.09,1391.77,5.47,1194.55,168,52.15,222.85,ok
35572,BHC,06,QDC,qdc_hit_BHC06left,BHC/Paddle06/QDC/qdc_hit_BHC06left,1,1,0,169326,147.48,0.12,37.06,0.11,1124.86,4.64,975.97,186,58.23,246.77,ok
35572,BHC,07,QDC,qdc_hit_BHC07left,BHC/Paddle07/QDC/qdc_hit_BHC07left,1,1,0,337943,142.63,0.07,33.29,0.06,3015.23,7.87,1557.25,180,58.78,242.22,ok
35572,BHC,08,QDC,qdc_hit_BHC08left,BHC/Paddle08/QDC/qdc_hit_BHC08left,1,1,0,284155,120.27,0.08,33.65,0.07,2417.71,7.02,1500.94,182,29.51,215.49,ok
35572,BHC,09,QDC,qdc_hit_BHC09left,BHC/Paddle09/QDC/qdc_hit_BHC09left,1,1,0,142839,131.01,0.13,36.30,0.12,893.47,4.15,950.62,194,30.41,226.59,ok
35572,BHC,10,QDC,qdc_hit_BHC10left,BHC/Paddle10/QDC/qdc_hit_BHC10left,1,1,0,112570,136.01,0.14,34.35,0.12,770.84,3.97,787.03,182,41.51,227.49,ok
35572,BHC,11,QDC,qdc_hit_BHC11left,BHC/Paddle11/QDC/qdc_hit_BHC11left,1,1,0,86962,139.10,0.13,26.88,0.12,727.86,4.40,437.57,132,67.98,203.02,ok
35572,BHC,12,QDC,qdc_hit_BHC12left,BHC/Paddle12/QDC/qdc_hit_BHC12left,1,1,0,16851,129.57,0.18,16.25,0.17,244.20,3.34,158.46,74,90.28,166.72,ok
35572,BHC,13,QDC,qdc_hit_BHC13left,BHC/Paddle13/QDC/qdc_hit_BHC13left,1,1,0,5242,136.16,0.26,14.16,0.26,90.44,2.19,76.66,68,98.83,170.17,ok
35572,BHC,14,QDC,qdc_hit_BHC14left,BHC/Paddle14/QDC/qdc_hit_BHC14left,1,1,0,3589,147.90,0.36,13.81,0.36,57.17,1.78,52.53,54,120.47,176.53,ok
35572,BHC,15,QDC,qdc_hit_BHC15left,BHC/Paddle15/QDC/qdc_hit_BHC15left,1,1,0,2693,149.05,0.34,11.55,0.35,56.60,1.95,60.38,46,120.30,168.70,ok
35572,BHC,00,TDC,tdc_coinc_left_BHC00-RF,BHC/Paddle00/TDC/tdc_coinc_left_BHC00-RF,1,1,0,1995,-406.75,0.19,3.67,0.14,21.90,1.33,30.99,38,-421.63,-394.87,ok
35572,BHC,01,TDC,tdc_coinc_left_BHC01-RF,BHC/Paddle01/TDC/tdc_coinc_left_BHC01-RF,1,1,0,2708,-406.04,0.14,3.86,0.11,43.52,1.85,51.27,36,-420.85,-396.65,ok
35572,BHC,02,TDC,tdc_coinc_left_BHC02-RF,BHC/Paddle02/TDC/tdc_coinc_left_BHC02-RF,1,1,0,3649,-406.54,0.12,3.55,0.08,58.12,2.16,75.67,37,-420.21,-397.29,ok
35572,BHC,03,TDC,tdc_coinc_left_BHC03-RF,BHC/Paddle03/TDC/tdc_coinc_left_BHC03-RF,1,1,0,11663,-405.40,0.07,3.93,0.04,183.77,3.68,91.86,49,-419.13,-392.37,ok
35572,BHC,04,TDC,tdc_coinc_left_BHC04-RF,BHC/Paddle04/TDC/tdc_coinc_left_BHC04-RF,1,1,0,72315,-408.55,0.03,3.72,0.02,1232.06,9.56,832.14,53,-422.76,-394.74,ok
35572,BHC,05,TDC,tdc_coinc_left_BHC05-RF,BHC/Paddle05/TDC/tdc_coinc_left_BHC05-RF,1,1,0,101123,-407.32,0.02,3.75,0.01,1715.44,11.25,951.93,56,-421.40,-392.10,ok
35572,BHC,06,TDC,tdc_coinc_left_BHC06-RF,BHC/Paddle06/TDC/tdc_coinc_left_BHC06-RF,1,1,0,126732,-406.10,0.02,3.71,0.01,2161.66,12.59,1380.37,54,-418.76,-390.74,ok
35572,BHC,07,TDC,tdc_coinc_left_BHC07-RF,BHC/Paddle07/TDC/tdc_coinc_left_BHC07-RF,1,1,0,185319,-406.07,0.02,3.88,0.01,2746.76,14.20,1293.98,56,-418.90,-389.60,ok
35572,BHC,08,TDC,tdc_coinc_left_BHC08-RF,BHC/Paddle08/TDC/tdc_coinc_left_BHC08-RF,1,1,0,177710,-403.61,0.02,3.80,0.01,2914.65,14.64,1379.89,54,-416.76,-388.74,ok
35572,BHC,09,TDC,tdc_coinc_left_BHC09-RF,BHC/Paddle09/TDC/tdc_coinc_left_BHC09-RF,1,1,0,128075,-404.64,0.02,3.68,0.01,2231.02,12.80,1436.87,54,-417.76,-389.74,ok
35572,BHC,10,TDC,tdc_coinc_left_BHC10-RF,BHC/Paddle10/TDC/tdc_coinc_left_BHC10-RF,1,1,0,95100,-404.33,0.02,3.71,0.01,1643.56,10.94,1158.09,54,-418.26,-390.24,ok
35572,BHC,11,TDC,tdc_coinc_left_BHC11-RF,BHC/Paddle11/TDC/tdc_coinc_left_BHC11-RF,1,1,0,76482,-404.44,0.03,3.70,0.01,1290.86,9.72,1248.42,54,-416.76,-388.74,ok
35572,BHC,12,TDC,tdc_coinc_left_BHC12-RF,BHC/Paddle12/TDC/tdc_coinc_left_BHC12-RF,1,1,0,14013,-406.62,0.06,3.93,0.04,219.90,4.10,138.84,44,-418.99,-393.51,ok
35572,BHC,13,TDC,tdc_coinc_left_BHC13-RF,BHC/Paddle13/TDC/tdc_coinc_left_BHC13-RF,1,1,0,4093,-406.60,0.12,3.86,0.10,61.71,2.27,42.40,39,-419.76,-391.74,ok
35572,BHC,14,TDC,tdc_coinc_left_BHC14-RF,BHC/Paddle14/TDC/tdc_coinc_left_BHC14-RF,1,1,0,3067,-408.27,0.13,3.69,0.09,48.28,1.99,36.13,39,-420.99,-395.51,ok
35572,BHC,15,TDC,tdc_coinc_left_BHC15-RF,BHC/Paddle15/TDC/tdc_coinc_left_BHC15-RF,1,1,0,2110,-407.08,0.19,3.53,0.14,22.05,1.37,38.55,37,-416.49,-391.01,ok
35572,BHD,00,QDC,qdc_hit_BHD00down,BHD/Paddle00/QDC/qdc_hit_BHD00down,1,1,0,5350,149.34,0.55,23.84,0.53,45.02,1.17,103.24,94,108.09,204.91,ok
35572,BHD,01,QDC,qdc_hit_BHD01down,BHD/Paddle01/QDC/qdc_hit_BHD01down,1,1,0,8356,143.41,0.46,28.93,0.40,59.40,1.19,141.83,148,70.34,220.66,ok
35572,BHD,02,QDC,qdc_hit_BHD02down,BHD/Paddle02/QDC/qdc_hit_BHD02down,1,1,0,13713,158.45,0.34,25.54,0.34,106.72,1.78,177.85,116,106.63,226.37,ok
35572,BHD,03,QDC,qdc_hit_BHD03down,BHD/Paddle03/QDC/qdc_hit_BHD03down,1,1,0,38001,165.89,0.28,35.64,0.29,215.12,2.15,390.34,160,93.97,257.03,ok
35572,BHD,04,QDC,qdc_hit_BHD04down,BHD/Paddle04/QDC/qdc_hit_BHD04down,1,1,0,103716,133.07,0.20,41.96,0.20,482.80,2.97,1122.23,208,40.77,252.23,ok
35572,BHD,05,QDC,qdc_hit_BHD05down,BHD/Paddle05/QDC/qdc_hit_BHD05down,1,1,0,187475,-1035.96,66.96,1486.46,10.28,199.07,7.78,54933.46,519,0,522.28,ok
35572,BHD,06,QDC,qdc_hit_BHD06down,BHD/Paddle06/QDC/qdc_hit_BHD06down,1,1,0,243358,139.80,0.21,63.86,0.23,634.49,2.91,30510.29,519,0,522.28,ok
35572,BHD,07,QDC,qdc_hit_BHD07down,BHD/Paddle07/QDC/qdc_hit_BHD07down,1,1,0,217976,151.04,0.18,55.82,0.19,678.97,3.18,31943.64,519,0,522.28,ok
35572,BHD,08,QDC,qdc_hit_BHD08down,BHD/Paddle08/QDC/qdc_hit_BHD08down,1,1,0,121403,119.02,0.20,47.38,0.21,494.73,2.96,16331.66,519,0,522.28,ok
35572,BHD,09,QDC,qdc_hit_BHD09down,BHD/Paddle09/QDC/qdc_hit_BHD09down,1,1,0,40624,135.81,0.26,34.93,0.25,236.87,2.25,356.73,162,48.70,214.30,ok
35572,BHD,10,QDC,qdc_hit_BHD10down,BHD/Paddle10/QDC/qdc_hit_BHD10down,1,1,0,12884,133.72,0.37,28.06,0.31,98.54,1.54,171.08,134,60.71,198.29,ok
35572,BHD,11,QDC,qdc_hit_BHD11down,BHD/Paddle11/QDC/qdc_hit_BHD11down,1,1,0,7496,145.17,0.45,23.78,0.46,63.83,1.42,111.78,92,99.37,193.63,ok
35572,BHD,12,QDC,qdc_hit_BHD12down,BHD/Paddle12/QDC/qdc_hit_BHD12down,1,1,0,5041,137.44,0.65,23.97,0.78,42.10,1.22,97.12,74,100.28,176.72,ok
35572,BHD,00,TDC,tdc_coinc_down_BHD00-RF,BHD/Paddle00/TDC/tdc_coinc_down_BHD00-RF,1,1,0,5063,-407.30,0.13,4.53,0.10,69.99,2.19,83.59,44,-416.35,-392.15,ok
35572,BHD,01,TDC,tdc_coinc_down_BHD01-RF,BHD/Paddle01/TDC/tdc_coinc_down_BHD01-RF,1,1,0,7965,-400.93,0.09,4.12,0.06,125.21,3,144.61,50,-415.26,-387.24,ok
35572,BHD,02,TDC,tdc_coinc_down_BHD02-RF,BHD/Paddle02/TDC/tdc_coinc_down_BHD02-RF,1,1,0,13310,-402.48,0.06,3.88,0.04,214.83,4.02,283.91,52,-414.26,-386.24,ok
35572,BHD,03,TDC,tdc_coinc_down_BHD03-RF,BHD/Paddle03/TDC/tdc_coinc_down_BHD03-RF,1,1,0,36170,-402.45,0.04,3.64,0.02,617.49,6.86,863.86,54,-414.26,-386.24,ok
35572,BHD,04,TDC,tdc_coinc_down_BHD04-RF,BHD/Paddle04/TDC/tdc_coinc_down_BHD04-RF,1,1,0,114878,-405.95,0.02,3.41,0.01,2110.90,12.89,2409.55,54,-418.76,-390.74,ok
35572,BHD,05,TDC,tdc_coinc_down_BHD05-RF,BHD/Paddle05/TDC/tdc_coinc_down_BHD05-RF,1,1,0,231703,-405.15,0.01,3.25,0.01,4417.18,18.75,5873.84,52,-420.90,-391.60,ok
35572,BHD,06,TDC,tdc_coinc_down_BHD06-RF,BHD/Paddle06/TDC/tdc_coinc_down_BHD06-RF,1,1,0,340574,-405.31,0.01,3.45,0.01,6046.09,21.44,10053.08,54,-419.76,-391.74,ok
35572,BHD,07,TDC,tdc_coinc_down_BHD07-RF,BHD/Paddle07/TDC/tdc_coinc_down_BHD07-RF,1,1,0,290063,-404.69,0.01,3.23,0.01,5444.14,20.82,9772.28,54,-416.26,-388.24,ok
35572,BHD,08,TDC,tdc_coinc_down_BHD08-RF,BHD/Paddle08/TDC/tdc_coinc_down_BHD08-RF,1,1,0,137759,-403.83,0.02,3.65,0.01,2363.85,13.18,3395.23,54,-416.26,-388.24,ok
35572,BHD,09,TDC,tdc_coinc_down_BHD09-RF,BHD/Paddle09/TDC/tdc_coinc_down_BHD09-RF,1,1,0,40648,-404.51,0.04,3.89,0.02,638.02,6.77,1032.77,52,-416.26,-388.24,ok
35572,BHD,10,TDC,tdc_coinc_down_BHD10-RF,BHD/Paddle10/TDC/tdc_coinc_down_BHD10-RF,1,1,0,11975,-403.59,0.07,4.20,0.05,182.03,3.57,282.32,51,-417.26,-389.24,ok
35572,BHD,11,TDC,tdc_coinc_down_BHD11-RF,BHD/Paddle11/TDC/tdc_coinc_down_BHD11-RF,1,1,0,7031,-404.60,0.10,4.71,0.07,95.39,2.46,120.57,52,-416.76,-388.74,ok
35572,BHD,12,TDC,tdc_coinc_down_BHD12-RF,BHD/Paddle12/TDC/tdc_coinc_down_BHD12-RF,1,1,0,4813,-405.65,0.12,4.72,0.08,66.25,2.02,84.56,51,-418.26,-390.24,ok
